day,date,time,operator,branch,driver,temperature,bill,pizzas
Thursday,1-May-14,33.70863634,Laura,East,Bruno,71.43308401,58.4,4
Thursday,1-May-14,29.38206952,Melissa,East,Salvatore,64.95292036,26.4,3
Thursday,1-May-14,33.58066407,Melissa,West,Salvatore,49.113452,58.1,3
Thursday,1-May-14,32.50536931,Melissa,East,Salvatore,64.87255893,35.2,3
Thursday,1-May-14,25.49361288,Melissa,West,Salvatore,59.63005244,38.4,2
Thursday,1-May-14,21.7274661,Melissa,Centre,Bruno,53.7153909,61.8,3
Thursday,1-May-14,38.39416861,Laura,West,Bruno,60.26686161,57.9,3
Thursday,1-May-14,22.18617894,Melissa,West,Mario,61.18765423,35.8,2
Thursday,1-May-14,35.32499392,Laura,Centre,Mario,64.20409283,36.6,2
Thursday,1-May-14,34.01528013,Melissa,Centre,Bruno,67.3834518,44.8,4
Thursday,1-May-14,33.79208547,Melissa,Centre,Bruno,70.98305126,49.5,4
Thursday,1-May-14,29.13120702,Laura,East,Mario,69.94924094,49.7,4
Thursday,1-May-14,21.92646136,Melissa,West,Mario,60.7989411,41.1,1
Thursday,1-May-14,28.18540023,Melissa,Centre,Salvatore,72.44034825,42.9,1
Thursday,1-May-14,32.60320237,Laura,West,Bruno,63.11133605,25.9,1
Thursday,1-May-14,32.64873429,Melissa,West,Salvatore,55.73229272,41.5,6
Thursday,1-May-14,37.39850391,Melissa,Centre,Mario,54.50703955,34.9,3
Thursday,1-May-14,33.95613597,Melissa,East,Bruno,58.10393396,42.4,4
Thursday,1-May-14,26.3797077,Laura,East,Mario,56.51776408,27.3,2
Thursday,1-May-14,33.19328757,Melissa,Centre,Bruno,48.75925879,47.7,4
Thursday,1-May-14,25.49029796,Melissa,Centre,Mario,76.9161164,63.7,2
Thursday,1-May-14,31.60353684,Laura,East,Salvatore,57.98686422,31.3,3
Thursday,1-May-14,21.50811467,Melissa,West,Bruno,62.34339273,62.7,3
Thursday,1-May-14,25.39302973,Melissa,East,Salvatore,68.8393122,37.7,2
Thursday,1-May-14,13.88732422,Melissa,Centre,Bruno,74.83014319,47.5,3
Thursday,1-May-14,32.57923948,Melissa,Centre,Bruno,70.94708238,61.3,6
Thursday,1-May-14,38.3812116,Laura,Centre,Salvatore,64.30142263,48.9,5
Thursday,1-May-14,29.47148467,Melissa,West,Salvatore,62.76920594,27,2
Thursday,1-May-14,35.38499038,Melissa,West,Mario,78.87318281,45.5,3
Thursday,1-May-14,36.43795569,Melissa,West,Salvatore,69.21969019,49.6,6
Thursday,1-May-14,20.25958275,Laura,West,Mario,69.16998891,52.9,3
Thursday,1-May-14,35.29379816,Laura,East,Salvatore,63.76961388,24.7,2
Thursday,1-May-14,37.33203988,Melissa,West,Bruno,57.20610359,36.9,3
Thursday,1-May-14,43.10369098,Laura,West,Salvatore,75.80744432,37.6,3
Thursday,1-May-14,17.86632294,Laura,East,Bruno,66.22824418,19.5,1
Thursday,1-May-14,10.31603566,Melissa,East,Mario,71.46632077,41.3,4
Thursday,1-May-14,30.07773864,Laura,East,Bruno,51.52794209,35.3,3
Thursday,1-May-14,32.83221928,Laura,Centre,Mario,68.46039217,56.9,4
Thursday,1-May-14,16.2629099,Laura,West,Bruno,69.04812451,32.3,4
Thursday,1-May-14,27.46685418,Melissa,West,Salvatore,64.14567318,48.6,4
Thursday,1-May-14,24.435481,Melissa,East,Salvatore,67.54786594,19.1,1
Thursday,1-May-14,26.02045812,Melissa,West,Salvatore,58.71747025,49.9,4
Thursday,1-May-14,31.37494253,Laura,Centre,Salvatore,65.20038113,48.8,3
Thursday,1-May-14,31.21165652,Melissa,West,Mario,50.23486775,48,3
Thursday,1-May-14,27.86584664,Laura,West,Mario,52.95197967,36.6,2
Thursday,1-May-14,25.19382331,Melissa,East,Salvatore,68.36791717,29.3,3
Thursday,1-May-14,24.72638116,Melissa,West,Salvatore,49.52492371,35.9,4
Thursday,1-May-14,36.55009173,Laura,Centre,Salvatore,66.75692629,51.6,4
Thursday,1-May-14,22.74722794,Laura,Centre,Bruno,60.10210689,45.2,3
Thursday,1-May-14,27.33584202,Melissa,West,Mario,73.71701756,43.3,2
Friday,2-May-14,22.35447846,Laura,East,Salvatore,51.96320142,37.2,3
Friday,2-May-14,34.84990637,Melissa,West,Bruno,52.1395069,42.3,5
Friday,2-May-14,26.90123886,Melissa,West,Luigi,73.65821679,48.4,5
Friday,2-May-14,34.34618463,Laura,Centre,Luigi,68.0120424,41.2,2
Friday,2-May-14,34.74178901,Laura,East,Mario,71.35626226,53.1,5
Friday,2-May-14,28.06218045,Melissa,East,Luigi,56.79726354,37.1,2
Friday,2-May-14,27.02761133,Melissa,West,Luigi,72.59284572,46.5,3
Friday,2-May-14,24.76273686,Laura,East,Mario,63.77499945,48.5,2
Friday,2-May-14,23.07350107,Melissa,West,Bruno,62.03193242,35.6,2
Friday,2-May-14,38.25208996,Laura,Centre,Salvatore,57.56303605,49.1,3
Friday,2-May-14,34.048307,Melissa,West,Luigi,72.0463669,41.4,3
Friday,2-May-14,24.26234604,Melissa,Centre,Salvatore,62.79659573,47.9,4
Friday,2-May-14,23.22247766,Laura,West,Mario,60.38207556,38.6,3
Friday,2-May-14,29.6127158,Melissa,West,Luigi,64.84008185,47.8,3
Friday,2-May-14,33.02303889,Melissa,Centre,Mario,66.33050241,43,2
Friday,2-May-14,35.89297849,Laura,East,Salvatore,64.65965987,41,3
Friday,2-May-14,29.43052901,Melissa,West,Salvatore,56.47743785,47,4
Friday,2-May-14,32.74324836,Melissa,Centre,Luigi,57.98461207,35.6,2
Friday,2-May-14,16.45324195,Laura,Centre,Luigi,78.13626041,42.8,2
Friday,2-May-14,25.237015,Melissa,Centre,Salvatore,59.53368367,60.6,2
Friday,2-May-14,29.45515259,Melissa,West,Luigi,66.27575273,42.8,4
Friday,2-May-14,32.14735127,Laura,East,Salvatore,63.14208827,52.8,4
Friday,2-May-14,28.22918863,Laura,East,Mario,68.80901155,10.8,1
Friday,2-May-14,23.2159824,Melissa,East,Luigi,71.98094651,43.2,3
Friday,2-May-14,36.05725259,Melissa,West,Bruno,54.74843491,52.4,4
Friday,2-May-14,17.39179401,Laura,East,Mario,65.27029624,50.5,3
Friday,2-May-14,24.52679671,Melissa,East,Bruno,68.90985334,35.5,2
Friday,2-May-14,42.69656669,Laura,West,Bruno,59.66912932,39.9,3
Friday,2-May-14,30.90918938,Melissa,East,Luigi,62.05584919,47.6,1
Friday,2-May-14,35.17669016,Melissa,West,Salvatore,57.62367111,36.4,3
Friday,2-May-14,30.99028493,Laura,Centre,Salvatore,72.81676271,37.4,2
Friday,2-May-14,27.44739775,Melissa,Centre,Luigi,69.33033661,49,3
Friday,2-May-14,26.55519892,Laura,East,Mario,62.24170037,33,3
Friday,2-May-14,34.97414007,Laura,West,Salvatore,60.20422312,31.9,4
Friday,2-May-14,22.74580272,Melissa,Centre,Bruno,56.5106498,44.2,3
Friday,2-May-14,25.49730214,Laura,Centre,Bruno,66.53604554,57.9,3
Friday,2-May-14,26.31422737,Laura,West,Bruno,75.81795996,42.1,3
Friday,2-May-14,29.40473772,Melissa,East,Luigi,90.25363007,32.2,2
Friday,2-May-14,30.31167997,Laura,West,Mario,66.78829192,40.3,4
Friday,2-May-14,34.75871371,Laura,Centre,Luigi,63.43811616,38.9,3
Friday,2-May-14,34.02884543,Melissa,West,Luigi,70.92442462,46.3,1
Friday,2-May-14,32.48625429,Melissa,East,Luigi,63.44248424,63.9,3
Friday,2-May-14,30.55851651,Melissa,Centre,Bruno,57.51601459,57.4,3
Friday,2-May-14,26.44703502,Laura,West,Mario,64.99391067,34.1,3
Friday,2-May-14,30.92521197,Melissa,West,Salvatore,66.37469949,34.6,5
Friday,2-May-14,34.28470727,Melissa,West,Luigi,65.14046568,43.2,5
Friday,2-May-14,26.81735843,Melissa,West,Bruno,57.93647144,55.6,3
Friday,2-May-14,24.89906806,Melissa,Centre,Mario,70.80529597,34.5,4
Friday,2-May-14,21.09995093,Laura,West,Mario,69.13015201,31.8,2
Friday,2-May-14,33.07774318,Melissa,West,Luigi,59.49323047,36.4,1
Friday,2-May-14,37.41368084,Laura,East,Salvatore,73.84527399,31.7,2
Saturday,3-May-14,24.25916807,Laura,West,Mario,60.35399047,49.5,4
Saturday,3-May-14,38.87340598,Laura,West,Bruno,58.61501781,54.4,1
Saturday,3-May-14,36.85007631,Laura,West,Bruno,51.98698123,46.6,4
Saturday,3-May-14,30.9205755,Laura,Centre,Salvatore,63.37997405,43,4
Saturday,3-May-14,19.63867812,Melissa,West,Mario,62.9765863,23.7,1
Saturday,3-May-14,13.3894905,Melissa,Centre,Bruno,71.73920357,37.5,2
Saturday,3-May-14,28.71740716,Laura,West,Bruno,57.34082813,38.7,4
Saturday,3-May-14,25.36609917,Laura,West,Luigi,69.29772541,35.6,3
Saturday,3-May-14,21.99180847,Melissa,East,Domenico,75.18833882,28.2,4
Saturday,3-May-14,19.46313796,Melissa,West,Mario,58.00700929,38.1,3
Saturday,3-May-14,25.16456041,Melissa,Centre,Mario,60.8436281,67.6,5
Saturday,3-May-14,29.91885144,Melissa,West,Luigi,72.79466924,25.2,2
Saturday,3-May-14,29.72520418,Melissa,West,Salvatore,70.30058092,46.2,5
Saturday,3-May-14,31.07087075,Laura,Centre,Salvatore,59.45139257,40.4,2
Saturday,3-May-14,21.57393137,Laura,Centre,Salvatore,53.73688619,54.8,7
Saturday,3-May-14,25.27882987,Melissa,East,Luigi,73.05434014,28.6,2
Saturday,3-May-14,28.29840882,Melissa,West,Mario,53.56694341,28.3,2
Saturday,3-May-14,38.6498434,Melissa,Centre,Mario,73.47296097,26,2
Saturday,3-May-14,32.7802791,Laura,Centre,Mario,68.46729642,44,4
Saturday,3-May-14,32.89302431,Melissa,Centre,Salvatore,60.27880036,45.6,3
Saturday,3-May-14,33.49975408,Laura,Centre,Mario,70.28846518,52.3,3
Saturday,3-May-14,29.92176282,Laura,West,Luigi,70.25787259,45.5,2
Saturday,3-May-14,28.38765102,Laura,East,Luigi,63.16476146,47.4,2
Saturday,3-May-14,29.07814493,Laura,Centre,Luigi,77.58077937,31.4,2
Saturday,3-May-14,31.89293916,Laura,East,Salvatore,67.53189867,42.4,3
Saturday,3-May-14,37.59285061,Laura,East,Domenico,64.05364603,23.5,2
Saturday,3-May-14,30.81572421,Melissa,East,Domenico,66.05896039,44.6,4
Saturday,3-May-14,29.4176079,Laura,East,Bruno,61.07503716,41.3,3
Saturday,3-May-14,23.66600857,Laura,West,Mario,74.65640998,47.2,5
Saturday,3-May-14,28.34058583,Laura,West,Bruno,49.98809541,36,4
Saturday,3-May-14,22.27852571,Laura,East,Mario,70.33455994,36.8,3
Saturday,3-May-14,30.37522823,Melissa,Centre,Domenico,57.91221991,29.8,1
Saturday,3-May-14,27.85608543,Melissa,West,Salvatore,52.02576813,41.8,3
Saturday,3-May-14,30.42725452,Melissa,East,Bruno,52.61403019,38,3
Saturday,3-May-14,38.84721525,Melissa,East,Luigi,62.32687848,19.6,2
Saturday,3-May-14,27.75414594,Melissa,West,Mario,56.55087845,42.2,3
Saturday,3-May-14,26.79385812,Melissa,East,Mario,65.61878735,33.7,2
Saturday,3-May-14,33.6163635,Melissa,Centre,Bruno,79.01014981,35.6,2
Saturday,3-May-14,24.59736674,Melissa,East,Domenico,73.76406963,31.3,3
Saturday,3-May-14,23.82134467,Laura,East,Mario,59.70264935,38.6,6
Saturday,3-May-14,28.9241529,Laura,West,Bruno,61.13701888,50.7,5
Saturday,3-May-14,32.58853327,Laura,West,Salvatore,70.82980228,30.6,4
Saturday,3-May-14,31.56852427,Melissa,East,Domenico,59.34649614,22.4,2
Saturday,3-May-14,23.21171546,Melissa,West,Salvatore,69.60971729,45.5,5
Saturday,3-May-14,22.16606182,Melissa,West,Bruno,73.70776906,42.1,3
Saturday,3-May-14,34.57117634,Melissa,East,Domenico,62.89839608,35.2,2
Saturday,3-May-14,28.96513044,Melissa,Centre,Salvatore,63.41862441,59.6,3
Saturday,3-May-14,22.30990726,Laura,West,Mario,69.71576343,36.2,2
Saturday,3-May-14,20.30736678,Laura,Centre,Salvatore,68.26898653,44.9,4
Saturday,3-May-14,39.54704254,Melissa,West,Bruno,62.76921471,30.1,2
Saturday,3-May-14,28.95282619,Laura,Centre,Mario,64.48928545,48.6,2
Saturday,3-May-14,24.52816853,Melissa,Centre,Salvatore,58.28825572,53.7,4
Saturday,3-May-14,31.78758445,Melissa,East,Luigi,72.77425603,50.4,6
Sunday,4-May-14,20.76495801,Laura,Centre,Mario,57.94595252,55.7,3
Sunday,4-May-14,26.89366753,Melissa,Centre,Salvatore,76.09394378,47.7,3
Sunday,4-May-14,41.69127607,Melissa,East,Domenico,59.98074667,41.9,2
Sunday,4-May-14,43.62762896,Melissa,West,Mario,55.02807374,35.3,5
Sunday,4-May-14,37.20150212,Laura,East,Domenico,70.6050062,24.6,5
Sunday,4-May-14,35.10482137,Laura,Centre,Salvatore,65.03122407,47.8,2
Sunday,4-May-14,26.64453643,Melissa,East,Domenico,72.42826031,34.3,3
Sunday,4-May-14,33.59541598,Laura,Centre,Luigi,75.60990679,41.6,3
Sunday,4-May-14,30.02883446,Laura,West,Mario,60.03203787,44.9,4
Sunday,4-May-14,27.7754387,Laura,Centre,Bruno,70.83456853,39.7,2
Sunday,4-May-14,34.82359112,Laura,Centre,Mario,71.69988152,53.6,3
Sunday,4-May-14,34.98242255,Laura,Centre,Luigi,68.73390398,46,2
Sunday,4-May-14,20.17375331,Laura,Centre,Luigi,56.96240846,52.2,3
Sunday,4-May-14,22.97191608,Laura,West,Mario,71.82672267,39.9,3
Sunday,4-May-14,34.36539886,Melissa,Centre,Bruno,70.25650105,55.5,4
Sunday,4-May-14,31.15077801,Laura,West,Salvatore,71.15144077,46.1,3
Sunday,4-May-14,27.5093778,Melissa,East,Domenico,71.71698919,51.1,5
Sunday,4-May-14,26.16803659,Melissa,East,Luigi,65.20409692,33.3,2
Sunday,4-May-14,28.86299164,Laura,West,Mario,58.01855491,47.9,3
Sunday,4-May-14,37.28255035,Laura,Centre,Salvatore,72.43108771,55.3,5
Sunday,4-May-14,22.90583486,Melissa,East,Mario,68.79175224,50.7,5
Sunday,4-May-14,25.39328446,Laura,Centre,Salvatore,59.40406575,54.2,2
Sunday,4-May-14,29.35512139,Laura,East,Bruno,58.40428277,37.7,4
Sunday,4-May-14,36.53620472,Laura,West,Domenico,59.43082979,35.9,2
Sunday,4-May-14,25.17620289,Laura,East,Bruno,65.55750543,43,2
Sunday,4-May-14,36.99147827,Laura,Centre,Salvatore,66.26067059,44.3,2
Sunday,4-May-14,11.23518925,Laura,West,Salvatore,64.41352449,45.7,4
Sunday,4-May-14,23.96406594,Laura,Centre,Salvatore,59.13781211,50.7,3
Sunday,4-May-14,39.83311343,Laura,Centre,Bruno,63.89071475,43.5,3
Sunday,4-May-14,25.54004324,Melissa,Centre,Luigi,65.66542719,40.4,2
Sunday,4-May-14,31.17327645,Melissa,West,Bruno,57.29733354,63.7,5
Sunday,4-May-14,39.89980548,Laura,West,Domenico,70.87206402,22.3,1
Sunday,4-May-14,20.20651913,Melissa,West,Domenico,68.29178522,31,6
Sunday,4-May-14,27.14178364,Laura,West,Mario,69.38650476,39,4
Sunday,4-May-14,25.25170208,Laura,Centre,Bruno,61.58846147,55.7,5
Sunday,4-May-14,26.68164029,Melissa,Centre,Salvatore,68.44474264,46.7,4
Sunday,4-May-14,30.77229248,Melissa,West,Luigi,70.52407099,49.8,2
Sunday,4-May-14,26.40073357,Melissa,Centre,Mario,51.04546607,30.4,4
Sunday,4-May-14,30.73259512,Laura,Centre,Luigi,55.27954768,36.8,3
Sunday,4-May-14,35.84097181,Laura,Centre,Salvatore,68.71455973,58,4
Sunday,4-May-14,23.05735177,Laura,West,Domenico,65.79264913,29.4,1
Sunday,4-May-14,29.11306655,Laura,East,Domenico,72.48461396,24.6,1
Sunday,4-May-14,26.14199001,Laura,Centre,Bruno,63.86571302,49.4,4
Sunday,4-May-14,30.06087222,Laura,Centre,Luigi,57.73336214,47.4,3
Sunday,4-May-14,27.54064575,Melissa,Centre,Salvatore,58.04051585,55.6,5
Sunday,4-May-14,30.69683332,Melissa,East,Domenico,84.15153501,30.8,1
Monday,5-May-14,15.92964174,Laura,Centre,Bruno,78.27121036,52.7,4
Monday,5-May-14,17.76037016,Laura,East,Salvatore,72.15810766,37.2,1
Monday,5-May-14,33.71079141,Laura,West,Salvatore,63.13679948,46.4,3
Monday,5-May-14,25.42870648,Laura,Centre,Bruno,69.48046882,67.5,6
Monday,5-May-14,23.16183503,Laura,East,Salvatore,61.81586596,33.8,5
Monday,5-May-14,24.96485765,Laura,East,Salvatore,66.02363347,51.9,4
Monday,5-May-14,31.52501749,Laura,East,Bruno,53.07670427,46.3,3
Monday,5-May-14,29.86831379,Laura,West,Salvatore,55.09728172,48.4,3
Monday,5-May-14,31.06754054,Laura,Centre,Bruno,56.78465654,60,4
Monday,5-May-14,31.60812722,Laura,Centre,Salvatore,73.6031966,43.6,4
Monday,5-May-14,27.43075914,Laura,East,Bruno,67.89412064,33.1,1
Monday,5-May-14,30.44042841,Laura,West,Bruno,80.50390658,45.6,2
Monday,5-May-14,40.12374743,Laura,Centre,Bruno,65.90028379,45.4,3
Monday,5-May-14,33.15816761,Laura,West,Salvatore,71.90827065,28.8,1
Monday,5-May-14,29.39826342,Laura,Centre,Bruno,64.38938798,57.4,3
Monday,5-May-14,32.88005874,Laura,East,Bruno,73.85034401,28.9,1
Monday,5-May-14,32.38294799,Laura,West,Bruno,66.99726787,54.8,2
Monday,5-May-14,21.22021935,Laura,East,Salvatore,70.69943547,36.2,4
Monday,5-May-14,31.92490179,Laura,Centre,Salvatore,55.98062783,41.6,2
Monday,5-May-14,31.2363248,Laura,West,Bruno,72.1332544,34.8,1
Monday,5-May-14,38.80037081,Laura,West,Salvatore,58.17595172,38.8,5
Monday,5-May-14,23.15496835,Laura,East,Salvatore,57.92912968,36.2,3
Monday,5-May-14,37.55418227,Laura,West,Bruno,67.99069147,60.4,5
Monday,5-May-14,34.12555888,Laura,Centre,Bruno,66.93840376,37,2
Monday,5-May-14,27.47807172,Laura,West,Bruno,69.59554919,58.2,5
Monday,5-May-14,31.5926579,Laura,Centre,Bruno,55.04710322,54.4,3
Monday,5-May-14,10.9189816,Laura,Centre,Salvatore,61.90661108,49.2,2
Monday,5-May-14,22.84173664,Laura,Centre,Bruno,62.24988638,59.4,4
Monday,5-May-14,16.65477258,Laura,East,Salvatore,69.870687,41.9,3
Monday,5-May-14,26.93697922,Laura,West,Bruno,66.2218802,33,3
Monday,5-May-14,27.83220685,Laura,East,Bruno,64.6889187,38,3
Tuesday,6-May-14,29.66103249,Melissa,Centre,Mario,57.32628843,46.2,3
Tuesday,6-May-14,42.04071467,Melissa,West,Mario,55.51849641,51.4,2
Tuesday,6-May-14,30.87094834,Melissa,West,Bruno,61.93805242,56.6,6
Tuesday,6-May-14,24.06908856,Melissa,West,Bruno,71.41696534,64.4,4
Tuesday,6-May-14,21.1504023,Melissa,East,Bruno,56.0454505,26.1,2
Tuesday,6-May-14,35.46631828,Melissa,Centre,Mario,73.54851853,24.6,2
Tuesday,6-May-14,24.21642429,Melissa,East,Bruno,59.98519726,45.3,1
Tuesday,6-May-14,17.59551226,Melissa,West,Mario,77.32442936,34.6,4
Tuesday,6-May-14,28.57664162,Melissa,Centre,Bruno,65.98191168,53.7,4
Tuesday,6-May-14,13.79520905,Melissa,Centre,Mario,66.91162851,51.1,3
Tuesday,6-May-14,21.20358184,Melissa,East,Bruno,52.3490823,13.7,1
Tuesday,6-May-14,32.47918756,Melissa,East,Mario,64.52532377,19.3,1
Tuesday,6-May-14,25.37647996,Melissa,West,Bruno,58.40502142,53.9,4
Tuesday,6-May-14,31.4223101,Melissa,East,Mario,60.54621068,46.2,1
Tuesday,6-May-14,28.47327649,Melissa,East,Bruno,62.76419619,23.3,2
Tuesday,6-May-14,35.00326739,Melissa,West,Bruno,60.40788696,32.4,2
Tuesday,6-May-14,28.00180321,Melissa,East,Mario,57.91074325,59.2,3
Tuesday,6-May-14,26.40012728,Melissa,West,Bruno,60.58278023,53.4,5
Tuesday,6-May-14,36.4527213,Melissa,Centre,Mario,55.03886201,51,5
Tuesday,6-May-14,28.79392529,Melissa,Centre,Mario,73.05269239,52.9,4
Tuesday,6-May-14,36.22483237,Melissa,West,Bruno,61.92716584,59.1,4
Tuesday,6-May-14,33.39907592,Melissa,West,Mario,61.70291937,39.5,2
Tuesday,6-May-14,41.91470247,Melissa,Centre,Mario,64.2948774,42.4,3
Tuesday,6-May-14,12.22528771,Melissa,East,Mario,66.0183409,36.2,1
Tuesday,6-May-14,31.11692119,Melissa,East,Mario,61.21311637,36.2,4
Tuesday,6-May-14,30.74073479,Melissa,Centre,Bruno,62.71393416,49.6,4
Tuesday,6-May-14,25.19607384,Melissa,Centre,Bruno,73.14095163,48.6,4
Tuesday,6-May-14,22.03245231,Melissa,East,Bruno,61.96438648,10.6,1
Tuesday,6-May-14,31.9191353,Melissa,East,Mario,66.39921908,31.9,3
Tuesday,6-May-14,27.49205758,Melissa,West,Bruno,60.97283533,30.2,2
Tuesday,6-May-14,33.75345584,Melissa,Centre,Mario,67.81454768,44.6,2
Tuesday,6-May-14,36.17235212,Melissa,East,Mario,63.85291682,48.9,1
Tuesday,6-May-14,31.15075164,Melissa,West,Mario,52.15223303,48.7,5
Wednesday,7-May-14,22.022099,Melissa,East,Salvatore,50.85181817,54.9,2
Wednesday,7-May-14,27.87738577,Laura,Centre,Salvatore,66.94452862,57.6,4
Wednesday,7-May-14,38.14010055,Melissa,West,Salvatore,67.19921244,55.1,2
Wednesday,7-May-14,28.08460054,Melissa,West,Mario,67.08335601,58.2,5
Wednesday,7-May-14,31.18183145,Melissa,East,Salvatore,64.83569889,28.6,2
Wednesday,7-May-14,27.11540102,Melissa,East,Mario,70.56214865,49.7,3
Wednesday,7-May-14,28.23576736,Melissa,Centre,Mario,71.98350908,44.3,4
Wednesday,7-May-14,23.54217638,Laura,East,Salvatore,46.95651741,50.4,3
Wednesday,7-May-14,28.76917314,Melissa,Centre,Salvatore,54.39633475,54.5,4
Wednesday,7-May-14,21.81374666,Laura,Centre,Mario,68.58868107,42.3,4
Wednesday,7-May-14,38.82860198,Melissa,Centre,Salvatore,52.95503895,42.7,4
Wednesday,7-May-14,29.69988031,Melissa,Centre,Salvatore,55.01182069,39.1,4
Wednesday,7-May-14,26.37864571,Laura,West,Mario,69.62846787,31.2,3
Wednesday,7-May-14,20.88508357,Laura,East,Mario,72.24386149,46,3
Wednesday,7-May-14,42.6798847,Melissa,West,Salvatore,58.64252437,58.8,4
Wednesday,7-May-14,27.6916186,Melissa,Centre,Mario,62.31684804,60.1,4
Wednesday,7-May-14,17.74376004,Laura,Centre,Mario,59.61233406,55.9,3
Wednesday,7-May-14,24.76188802,Laura,Centre,Salvatore,71.88471813,43,4
Wednesday,7-May-14,35.33711297,Laura,Centre,Salvatore,61.34434725,40.1,3
Wednesday,7-May-14,28.65804641,Laura,East,Mario,63.32698239,38.6,2
Wednesday,7-May-14,31.88672678,Melissa,East,Salvatore,56.0141435,35.9,1
Wednesday,7-May-14,27.73071844,Melissa,West,Salvatore,63.20662092,46.2,4
Wednesday,7-May-14,30.18642123,Laura,West,Salvatore,69.89164967,36.6,3
Wednesday,7-May-14,25.6725988,Melissa,Centre,Mario,54.88792016,56.3,3
Wednesday,7-May-14,35.8487145,Melissa,West,Mario,63.39384715,41.7,3
Wednesday,7-May-14,31.03142008,Laura,West,Mario,58.1703218,54.3,6
Wednesday,7-May-14,35.62185688,Melissa,Centre,Salvatore,71.56062634,54.7,3
Wednesday,7-May-14,28.12900658,Melissa,Centre,Mario,68.82264755,40.5,2
Wednesday,7-May-14,31.18995057,Melissa,West,Salvatore,71.95993534,57.6,4
Wednesday,7-May-14,18.06202911,Melissa,East,Salvatore,66.44605598,40.2,4
Wednesday,7-May-14,24.39445416,Laura,West,Mario,77.08182325,39.7,4
Wednesday,7-May-14,39.62445394,Melissa,West,Mario,77.46440793,39.9,2
Thursday,8-May-14,22.01835903,Laura,West,Mario,60.41735674,29.7,2
Thursday,8-May-14,29.53753241,Melissa,East,Bruno,61.47376566,39,3
Thursday,8-May-14,34.18754732,Melissa,Centre,Bruno,72.32479007,28.9,1
Thursday,8-May-14,33.92935114,Melissa,East,Mario,57.97717719,47.8,2
Thursday,8-May-14,26.50175031,Melissa,Centre,Bruno,64.56983581,43.5,4
Thursday,8-May-14,37.63257932,Laura,West,Mario,57.93146453,68.5,5
Thursday,8-May-14,33.73592198,Melissa,East,Salvatore,63.8743102,23.7,1
Thursday,8-May-14,23.55965824,Melissa,East,Salvatore,60.28494045,31.6,2
Thursday,8-May-14,20.53108619,Laura,West,Bruno,69.68132122,51.3,4
Thursday,8-May-14,35.85146796,Melissa,Centre,Bruno,63.04433136,53.6,3
Thursday,8-May-14,34.75898856,Laura,East,Bruno,64.40604597,37.3,5
Thursday,8-May-14,32.7107358,Laura,East,Bruno,66.07995242,31.7,3
Thursday,8-May-14,33.49073998,Laura,West,Bruno,73.51982412,39.8,5
Thursday,8-May-14,37.22540771,Laura,Centre,Salvatore,66.92549022,41.9,4
Thursday,8-May-14,25.03131422,Laura,West,Mario,56.32604473,37.8,4
Thursday,8-May-14,19.60273075,Melissa,East,Mario,59.70818764,12,1
Thursday,8-May-14,32.66635958,Melissa,Centre,Bruno,77.51468474,51.1,3
Thursday,8-May-14,26.21353205,Laura,Centre,Mario,65.00440761,42.7,3
Thursday,8-May-14,27.74111471,Laura,East,Mario,60.42651911,52.4,4
Thursday,8-May-14,34.8708598,Laura,Centre,Bruno,64.06416696,52.4,1
Thursday,8-May-14,43.543991,Melissa,West,Salvatore,50.27550014,45.4,3
Thursday,8-May-14,40.45766378,Melissa,East,Mario,68.03034385,52.9,4
Thursday,8-May-14,31.85327872,Melissa,West,Mario,82.0049538,57.5,3
Thursday,8-May-14,12.71489638,Laura,East,Mario,68.26781025,26.2,1
Thursday,8-May-14,33.5421857,Melissa,East,Bruno,68.80179691,21.2,1
Thursday,8-May-14,21.39866109,Laura,East,Bruno,72.55985441,54.9,3
Thursday,8-May-14,23.9520533,Laura,West,Bruno,67.36510912,37.2,2
Thursday,8-May-14,35.1725636,Laura,Centre,Mario,76.96728638,38.4,3
Thursday,8-May-14,38.2317926,Melissa,Centre,Mario,47.6840787,46.3,3
Thursday,8-May-14,43.77453724,Laura,West,Salvatore,68.05174124,60.2,2
Thursday,8-May-14,26.69814945,Laura,Centre,Mario,62.60072601,45.9,3
Thursday,8-May-14,21.84783624,Laura,West,Mario,64.98726367,48.2,4
Thursday,8-May-14,26.21748834,Melissa,West,Bruno,73.08863103,50.3,5
Thursday,8-May-14,32.97590188,Laura,West,Mario,63.33430462,32.1,1
Thursday,8-May-14,24.96145119,Laura,East,Mario,63.75077726,33.9,3
Thursday,8-May-14,19.20316408,Melissa,West,Bruno,77.50827053,33.2,2
Friday,9-May-14,29.46381018,Laura,West,Bruno,69.05905379,61.8,4
Friday,9-May-14,34.91911944,Laura,East,Luigi,64.18993174,42.8,2
Friday,9-May-14,38.77126362,Melissa,Centre,Salvatore,71.78049438,51.1,3
Friday,9-May-14,27.7048216,Laura,West,Luigi,66.48259052,42.3,4
Friday,9-May-14,25.45360857,Laura,East,Mario,70.01760225,31.7,1
Friday,9-May-14,22.41693609,Melissa,Centre,Salvatore,65.2638707,39.5,2
Friday,9-May-14,27.81224536,Laura,Centre,Mario,64.7525142,45.1,4
Friday,9-May-14,36.79797394,Melissa,East,Bruno,68.58637049,48.6,1
Friday,9-May-14,32.38549096,Laura,Centre,Luigi,80.15445586,43.6,3
Friday,9-May-14,34.3231028,Laura,West,Bruno,61.74060182,49.8,3
Friday,9-May-14,37.27226986,Laura,East,Mario,77.66957738,34.1,3
Friday,9-May-14,24.28201796,Laura,Centre,Mario,55.57119552,51.2,4
Friday,9-May-14,19.48161145,Melissa,East,Salvatore,63.08096852,36.3,3
Friday,9-May-14,22.6635302,Laura,East,Mario,67.67713005,41.6,6
Friday,9-May-14,26.6443893,Melissa,Centre,Salvatore,64.53935939,44.5,2
Friday,9-May-14,32.56768849,Melissa,Centre,Luigi,52.03492633,57.1,2
Friday,9-May-14,33.25580494,Laura,Centre,Salvatore,50.371735,42.9,5
Friday,9-May-14,20.08453424,Laura,Centre,Salvatore,70.92307494,53.5,6
Friday,9-May-14,27.44348155,Melissa,Centre,Luigi,59.92194925,46.6,2
Friday,9-May-14,35.84592004,Melissa,West,Bruno,55.68210159,58.8,6
Friday,9-May-14,35.89348111,Melissa,East,Salvatore,56.0376257,35.2,2
Friday,9-May-14,28.63883516,Laura,East,Salvatore,68.49095299,46.3,5
Friday,9-May-14,43.76981458,Laura,Centre,Salvatore,67.2502233,43,2
Friday,9-May-14,24.28546642,Melissa,West,Luigi,66.29672616,38.6,1
Friday,9-May-14,35.69794903,Melissa,East,Salvatore,53.75893295,24.7,2
Friday,9-May-14,24.38612055,Melissa,Centre,Salvatore,65.53863116,44.3,9
Friday,9-May-14,27.79168619,Melissa,West,Salvatore,62.91591356,40.7,4
Friday,9-May-14,26.47286486,Melissa,West,Mario,74.06490281,51.8,4
Friday,9-May-14,37.21053168,Laura,East,Luigi,73.10636327,39.4,2
Friday,9-May-14,31.91392825,Laura,East,Salvatore,75.00318166,31.2,2
Friday,9-May-14,30.47673151,Melissa,Centre,Bruno,76.49670728,63,3
Friday,9-May-14,37.56726885,Laura,East,Bruno,68.86727255,33.9,2
Friday,9-May-14,12.92979447,Melissa,West,Salvatore,57.55902825,50.5,5
Friday,9-May-14,27.00543556,Melissa,Centre,Mario,60.42280994,29.4,2
Friday,9-May-14,29.12128687,Laura,East,Mario,53.87284549,16.3,2
Friday,9-May-14,40.14074791,Melissa,Centre,Bruno,60.24705884,40.8,3
Friday,9-May-14,22.4948413,Laura,West,Luigi,61.62502562,30,1
Friday,9-May-14,31.24902778,Laura,Centre,Mario,70.7089978,48.2,2
Friday,9-May-14,27.03109743,Laura,East,Luigi,71.46359924,53.7,2
Friday,9-May-14,27.03859885,Melissa,Centre,Mario,72.74042842,49.4,4
Friday,9-May-14,30.35906625,Laura,Centre,Mario,51.21341543,47.6,1
Friday,9-May-14,24.23300317,Laura,West,Bruno,73.61030862,38,3
Friday,9-May-14,29.39511159,Melissa,West,Mario,70.25099358,67,3
Friday,9-May-14,33.6972145,Laura,West,Bruno,66.58926853,28.7,3
Friday,9-May-14,26.13050938,Melissa,West,Bruno,69.81000153,46.9,3
Friday,9-May-14,43.09956179,Laura,West,Salvatore,68.91043494,45.1,4
Saturday,10-May-14,32.41768239,Laura,East,Mario,58.88173532,29.8,2
Saturday,10-May-14,28.04319753,Laura,East,Bruno,69.46372976,32,4
Saturday,10-May-14,34.26768425,Melissa,West,Mario,73.99932558,58,4
Saturday,10-May-14,24.17932643,Melissa,West,Domenico,66.98288755,37.8,2
Saturday,10-May-14,23.92948603,Laura,East,Salvatore,67.15222225,25,2
Saturday,10-May-14,24.56157622,Melissa,West,Luigi,59.2559987,31.9,5
Saturday,10-May-14,31.77001771,Melissa,West,Bruno,67.99658075,42,3
Saturday,10-May-14,33.15653453,Laura,Centre,Luigi,50.07530323,71.9,2
Saturday,10-May-14,32.50186019,Melissa,West,Mario,73.07994245,44.1,4
Saturday,10-May-14,36.52857684,Melissa,Centre,Mario,54.93498304,48.6,3
Saturday,10-May-14,25.05017989,Melissa,East,Luigi,64.71574531,22.3,2
Saturday,10-May-14,22.16638409,Laura,Centre,Salvatore,66.07751298,55,2
Saturday,10-May-14,27.98679852,Melissa,East,Mario,53.01641104,34.6,1
Saturday,10-May-14,13.18251418,Melissa,Centre,Luigi,66.62126048,51.7,1
Saturday,10-May-14,41.75942527,Melissa,East,Bruno,56.54665699,38.3,5
Saturday,10-May-14,22.45002469,Laura,Centre,Mario,70.04865756,44.6,2
Saturday,10-May-14,37.57685587,Laura,Centre,Salvatore,59.06236541,50.4,5
Saturday,10-May-14,26.88449729,Melissa,East,Luigi,61.85120299,40.5,3
Saturday,10-May-14,36.08575386,Laura,Centre,Bruno,77.43337499,48.8,6
Saturday,10-May-14,32.77426522,Laura,East,Mario,67.17820177,23.4,2
Saturday,10-May-14,29.35392021,Laura,Centre,Luigi,65.16036227,40.3,2
Saturday,10-May-14,47.62831506,Melissa,West,Mario,76.39913193,45.1,5
Saturday,10-May-14,25.17330286,Laura,Centre,Salvatore,74.51961138,41.7,4
Saturday,10-May-14,29.82604171,Laura,East,Domenico,64.37527781,29,2
Saturday,10-May-14,22.04921374,Laura,East,Domenico,66.28754264,27.3,1
Saturday,10-May-14,29.38185939,Laura,West,Luigi,63.11813779,38.1,5
Saturday,10-May-14,42.48156402,Melissa,Centre,Bruno,68.58199122,43.1,2
Saturday,10-May-14,33.51464381,Laura,West,Salvatore,70.15655543,26.4,2
Saturday,10-May-14,27.52638903,Laura,Centre,Salvatore,73.62982502,38.7,2
Saturday,10-May-14,13.14592511,Melissa,Centre,Salvatore,78.84803571,52.7,3
Saturday,10-May-14,35.57146952,Melissa,Centre,Domenico,74.81675345,27.3,3
Saturday,10-May-14,25.65006242,Melissa,East,Mario,57.73286388,32.3,2
Saturday,10-May-14,25.53116623,Laura,Centre,Salvatore,61.86387898,43.7,4
Saturday,10-May-14,35.85666216,Laura,West,Mario,62.30716736,47.8,4
Saturday,10-May-14,26.65031497,Melissa,West,Salvatore,70.95971355,55,3
Saturday,10-May-14,27.93196747,Laura,West,Bruno,70.41207838,41.4,5
Saturday,10-May-14,34.79418419,Melissa,West,Mario,67.15258724,61,4
Saturday,10-May-14,27.86185173,Laura,Centre,Salvatore,68.55864462,33,3
Saturday,10-May-14,20.33053514,Laura,Centre,Salvatore,60.02902206,52.8,3
Saturday,10-May-14,19.77849405,Melissa,Centre,Mario,66.67350805,60.2,5
Saturday,10-May-14,28.01458134,Melissa,Centre,Luigi,68.44082677,31.7,2
Saturday,10-May-14,23.65380219,Laura,East,Luigi,57.668526,38.9,2
Saturday,10-May-14,24.04818085,Melissa,West,Mario,71.32782384,44,3
Saturday,10-May-14,28.59904045,Melissa,Centre,Mario,69.37543538,45,3
Saturday,10-May-14,32.83098366,Laura,Centre,Mario,71.97087076,74,5
Sunday,11-May-14,38.5920838,Laura,West,Domenico,60.08156908,31.9,3
Sunday,11-May-14,25.18570335,Laura,West,Salvatore,65.5728021,37.9,3
Sunday,11-May-14,22.54982766,Laura,Centre,Mario,50.1327919,39.7,3
Sunday,11-May-14,35.95350216,Melissa,East,Domenico,73.22473048,30.1,1
Sunday,11-May-14,22.6534715,Melissa,West,Mario,67.17148518,40.9,6
Sunday,11-May-14,35.02924232,Laura,Centre,Mario,70.69337338,61.5,2
Sunday,11-May-14,40.60879645,Melissa,East,Domenico,69.00080551,47.3,5
Sunday,11-May-14,34.90775002,Melissa,West,Mario,66.55808226,57.1,4
Sunday,11-May-14,30.11529256,Laura,Centre,Bruno,51.73986187,53.2,3
Sunday,11-May-14,26.03074181,Laura,West,Salvatore,61.29543865,34.2,5
Sunday,11-May-14,27.40041073,Laura,Centre,Domenico,67.67491358,42.3,2
Sunday,11-May-14,33.86241796,Laura,East,Bruno,69.54245598,52.6,2
Sunday,11-May-14,35.02106913,Laura,West,Bruno,68.25251905,48.8,5
Sunday,11-May-14,32.87182227,Melissa,Centre,Mario,58.41738552,45.3,2
Sunday,11-May-14,33.63189974,Laura,Centre,Salvatore,64.86127554,58.3,5
Sunday,11-May-14,37.25857072,Laura,East,Domenico,69.39586188,33.6,1
Sunday,11-May-14,29.67120267,Melissa,East,Domenico,47.02326213,38.1,3
Sunday,11-May-14,29.75762352,Melissa,East,Domenico,61.03504012,41.6,3
Sunday,11-May-14,23.96396606,Laura,Centre,Luigi,77.17535746,37.1,3
Sunday,11-May-14,38.45997898,Laura,East,Bruno,78.89601064,52.4,3
Sunday,11-May-14,34.79096366,Laura,East,Luigi,81.81800025,46,3
Sunday,11-May-14,25.45335998,Melissa,East,Bruno,65.2314031,52.4,3
Sunday,11-May-14,32.83991261,Laura,Centre,Salvatore,69.61614069,61.4,5
Sunday,11-May-14,22.43828899,Melissa,Centre,Mario,65.6321778,39.8,4
Sunday,11-May-14,22.04570648,Melissa,West,Mario,79.33928673,56.9,3
Sunday,11-May-14,22.17406235,Laura,East,Mario,63.51067389,48.3,3
Sunday,11-May-14,31.54628025,Melissa,West,Luigi,60.16206597,33.9,2
Sunday,11-May-14,37.83692521,Melissa,East,Luigi,68.83800113,30.4,2
Sunday,11-May-14,39.76520299,Melissa,East,Mario,67.83420964,43.7,1
Sunday,11-May-14,33.11397165,Melissa,West,Salvatore,58.63644317,57.8,3
Sunday,11-May-14,33.48315119,Melissa,Centre,Salvatore,64.89910671,47.5,3
Sunday,11-May-14,22.70871348,Laura,West,Bruno,71.64561511,67.1,4
Sunday,11-May-14,37.40011342,Melissa,West,Domenico,75.83671564,28.1,1
Sunday,11-May-14,34.65484553,Laura,West,Luigi,68.60142783,48.6,2
Sunday,11-May-14,34.48130009,Laura,East,Luigi,69.70342185,34.9,2
Sunday,11-May-14,26.0620601,Laura,West,Salvatore,66.41174873,27.5,2
Sunday,11-May-14,27.84261416,Laura,East,Mario,59.6130823,41.7,2
Sunday,11-May-14,31.04483144,Laura,East,Luigi,60.20876672,29.9,1
Sunday,11-May-14,33.69361408,Laura,East,Domenico,63.9568433,35.5,1
Sunday,11-May-14,33.02382649,Laura,East,Luigi,60.08734404,24.7,3
Sunday,11-May-14,30.59787787,Laura,East,Domenico,66.49857023,27.9,3
Sunday,11-May-14,35.8924346,Laura,Centre,Salvatore,77.23061826,54.2,3
Monday,12-May-14,27.50974291,Laura,West,Salvatore,68.93333514,55.9,3
Monday,12-May-14,27.98051043,Laura,Centre,Bruno,75.46763276,38.4,3
Monday,12-May-14,23.69543003,Laura,West,Bruno,79.34855629,51.4,3
Monday,12-May-14,36.64944491,Laura,Centre,Bruno,62.61400352,54.6,3
Monday,12-May-14,27.31792577,Laura,East,Salvatore,57.91391038,47,2
Monday,12-May-14,32.76549773,Laura,East,Bruno,57.40959412,29.5,2
Monday,12-May-14,17.99618736,Laura,West,Bruno,74.06943509,45.5,2
Monday,12-May-14,40.16313997,Laura,Centre,Salvatore,71.16622443,48.3,6
Monday,12-May-14,24.2177483,Laura,Centre,Salvatore,69.54455331,39.4,6
Monday,12-May-14,36.90986671,Laura,East,Salvatore,64.60597236,29.5,1
Monday,12-May-14,23.10986589,Laura,Centre,Salvatore,60.65074648,36.4,3
Monday,12-May-14,34.98503433,Laura,West,Salvatore,59.27347684,39,2
Monday,12-May-14,24.70507008,Laura,West,Salvatore,58.97803563,40.3,4
Monday,12-May-14,30.01044813,Laura,West,Salvatore,69.95792928,46.9,5
Monday,12-May-14,29.00638742,Laura,West,Bruno,61.40741583,40.9,1
Monday,12-May-14,26.45379061,Laura,West,Bruno,71.99760858,40.2,1
Monday,12-May-14,28.05392881,Laura,East,Salvatore,71.32706658,25.5,1
Monday,12-May-14,22.62683084,Laura,East,Salvatore,57.5707001,18.6,1
Monday,12-May-14,30.46767391,Laura,Centre,Salvatore,71.90201818,53.4,4
Monday,12-May-14,32.34460933,Laura,Centre,Bruno,57.22877525,35.5,4
Monday,12-May-14,31.39948622,Laura,West,Salvatore,54.8627957,36.3,2
Monday,12-May-14,31.07190165,Laura,Centre,Salvatore,72.51060189,31.1,2
Monday,12-May-14,30.32946759,Laura,East,Salvatore,68.20111366,26.7,1
Monday,12-May-14,38.37942236,Laura,Centre,Salvatore,61.59884663,38.9,4
Monday,12-May-14,33.61412969,Laura,East,Salvatore,53.77549011,56.3,3
Monday,12-May-14,24.47964337,Laura,Centre,Bruno,75.64007608,44,4
Monday,12-May-14,28.66899834,Laura,East,Salvatore,64.05753617,17.2,1
Monday,12-May-14,26.47619657,Laura,Centre,Salvatore,75.99227049,62.7,5
Monday,12-May-14,32.45374681,Laura,Centre,Salvatore,67.24429564,43,4
Monday,12-May-14,26.45388754,Laura,East,Salvatore,48.31600059,56,3
Monday,12-May-14,26.62942479,Laura,East,Bruno,74.0425186,37.6,4
Monday,12-May-14,29.51536762,Laura,West,Salvatore,66.3401167,50.2,2
Monday,12-May-14,21.94477096,Laura,Centre,Salvatore,68.99044111,47.4,2
Monday,12-May-14,24.8359712,Laura,Centre,Bruno,75.49552114,59.4,3
Monday,12-May-14,27.60604573,Laura,West,Salvatore,68.90150645,50.8,6
Monday,12-May-14,26.46912438,Laura,West,Bruno,72.16833256,49,3
Tuesday,13-May-14,27.5873383,Melissa,Centre,Bruno,56.39213988,54.9,3
Tuesday,13-May-14,37.07890331,Melissa,East,Mario,56.6326907,32.3,3
Tuesday,13-May-14,36.38401979,Melissa,West,Mario,58.72950539,40.5,3
Tuesday,13-May-14,34.74962527,Melissa,East,Bruno,71.45817754,21.1,1
Tuesday,13-May-14,31.98617662,Melissa,Centre,Mario,67.36612561,38.6,5
Tuesday,13-May-14,36.92998945,Melissa,Centre,Bruno,66.57308036,59.7,4
Tuesday,13-May-14,23.80542509,Melissa,West,Mario,61.95120985,57,3
Tuesday,13-May-14,22.01280034,Melissa,Centre,Mario,68.23998999,49.8,4
Tuesday,13-May-14,36.49083447,Melissa,East,Bruno,57.34844557,21.1,4
Tuesday,13-May-14,31.35703203,Melissa,Centre,Bruno,54.7131161,36.2,2
Tuesday,13-May-14,31.8911474,Melissa,East,Mario,70.68992804,33.8,2
Tuesday,13-May-14,28.56189184,Melissa,Centre,Mario,63.92638615,66.5,4
Tuesday,13-May-14,27.58953954,Melissa,Centre,Mario,66.61695978,51.1,2
Tuesday,13-May-14,36.02910132,Melissa,East,Mario,64.2162948,44.9,6
Tuesday,13-May-14,29.80561971,Melissa,West,Bruno,65.79569836,37.1,2
Tuesday,13-May-14,33.01291932,Melissa,West,Bruno,65.12594129,42.7,4
Tuesday,13-May-14,31.45125267,Melissa,East,Bruno,59.71115753,58.2,1
Tuesday,13-May-14,38.62805201,Melissa,East,Bruno,67.40577086,26.3,1
Tuesday,13-May-14,34.9839931,Melissa,West,Bruno,61.90687453,38.9,3
Tuesday,13-May-14,30.02597914,Melissa,East,Bruno,65.79395303,11.9,1
Tuesday,13-May-14,31.06181551,Melissa,West,Mario,72.36898866,35.9,3
Tuesday,13-May-14,14.90436068,Melissa,Centre,Bruno,61.01967811,51.9,4
Tuesday,13-May-14,34.69549784,Melissa,Centre,Mario,58.10542815,14,1
Tuesday,13-May-14,32.59380282,Melissa,West,Mario,67.50686558,31.4,2
Tuesday,13-May-14,34.39904967,Melissa,West,Mario,68.89475671,26.5,2
Tuesday,13-May-14,25.46644456,Melissa,East,Bruno,54.28584684,47.6,2
Tuesday,13-May-14,38.92026987,Melissa,West,Mario,66.3235789,36.7,3
Tuesday,13-May-14,31.97720441,Melissa,Centre,Mario,56.26990462,44.7,2
Tuesday,13-May-14,25.46507838,Melissa,Centre,Mario,66.59195627,46.3,9
Tuesday,13-May-14,24.56526292,Melissa,Centre,Mario,58.05522606,54.7,3
Tuesday,13-May-14,14.988354,Melissa,West,Mario,65.47988949,46.8,3
Wednesday,14-May-14,22.16201762,Laura,West,Mario,56.59508176,57.8,3
Wednesday,14-May-14,37.17614772,Melissa,Centre,Mario,69.71661534,34.2,2
Wednesday,14-May-14,33.97346899,Melissa,Centre,Mario,69.51723911,61.7,4
Wednesday,14-May-14,33.13525186,Laura,East,Salvatore,71.16564293,11.6,1
Wednesday,14-May-14,28.04336946,Melissa,East,Mario,65.43334091,51.6,4
Wednesday,14-May-14,28.61160236,Melissa,Centre,Salvatore,57.42896761,46,5
Wednesday,14-May-14,24.69617437,Melissa,East,Mario,71.24920261,62.3,4
Wednesday,14-May-14,31.664712,Laura,Centre,Mario,67.01824052,42.8,2
Wednesday,14-May-14,26.19746781,Laura,East,Mario,54.80563499,59.1,2
Wednesday,14-May-14,19.90459169,Melissa,East,Salvatore,73.8114566,27.7,2
Wednesday,14-May-14,27.97553511,Laura,Centre,Mario,62.94217986,49.9,5
Wednesday,14-May-14,33.73388179,Laura,West,Mario,66.1811893,12.7,1
Wednesday,14-May-14,37.74955063,Laura,Centre,Mario,64.69950377,32.7,6
Wednesday,14-May-14,28.69281194,Laura,Centre,Salvatore,70.45863355,57.5,2
Wednesday,14-May-14,24.95413828,Melissa,West,Salvatore,57.99326081,66,4
Wednesday,14-May-14,15.97836181,Melissa,West,Mario,74.11782353,39.5,3
Wednesday,14-May-14,34.61148973,Laura,East,Salvatore,59.71739017,22.3,2
Wednesday,14-May-14,30.44825975,Melissa,Centre,Mario,65.93202694,60.8,5
Wednesday,14-May-14,30.48980721,Melissa,West,Mario,65.45303244,54.9,4
Wednesday,14-May-14,36.91602007,Melissa,East,Salvatore,56.41500178,31.3,4
Wednesday,14-May-14,31.74973956,Laura,West,Mario,55.89091052,53.8,2
Wednesday,14-May-14,27.79840643,Melissa,East,Mario,72.76901425,36.9,2
Wednesday,14-May-14,25.01779332,Melissa,Centre,Salvatore,60.87774913,41.7,3
Wednesday,14-May-14,35.18187747,Melissa,West,Mario,63.8376953,56.4,4
Wednesday,14-May-14,24.95405952,Laura,West,Salvatore,62.80434695,41.9,2
Wednesday,14-May-14,29.75176846,Melissa,East,Mario,57.82569071,33,3
Wednesday,14-May-14,29.12162366,Laura,West,Mario,63.20159518,21,1
Wednesday,14-May-14,17.46365998,Melissa,West,Salvatore,68.84663671,48.4,11
Wednesday,14-May-14,36.10355343,Laura,East,Mario,61.00880353,31.1,1
Wednesday,14-May-14,24.00648373,Laura,Centre,Mario,72.44760697,38.8,3
Wednesday,14-May-14,28.86139091,Laura,West,Mario,66.13291305,39.3,5
Wednesday,14-May-14,33.24469501,Laura,Centre,Salvatore,54.31592569,44.5,6
Thursday,15-May-14,28.17564841,Laura,East,Bruno,71.47628036,12.8,1
Thursday,15-May-14,19.43132827,Laura,Centre,Mario,69.72291307,48.7,3
Thursday,15-May-14,18.96780807,Laura,West,Bruno,56.86774677,32.3,1
Thursday,15-May-14,38.86358999,Laura,Centre,Mario,64.65965611,52.5,7
Thursday,15-May-14,26.56171255,Melissa,Centre,Mario,63.62121329,42.2,3
Thursday,15-May-14,27.57837337,Melissa,West,Salvatore,65.63187843,34.4,2
Thursday,15-May-14,27.38483143,Laura,West,Salvatore,56.00658801,49.2,5
Thursday,15-May-14,39.54688625,Laura,West,Bruno,58.94767148,56.5,2
Thursday,15-May-14,31.31683826,Laura,East,Bruno,76.30631268,44.5,2
Thursday,15-May-14,26.80595132,Laura,Centre,Mario,57.05799459,23.6,2
Thursday,15-May-14,34.19599953,Melissa,Centre,Bruno,63.66020153,29.2,2
Thursday,15-May-14,35.39540601,Laura,West,Salvatore,60.95542664,52.5,4
Thursday,15-May-14,32.92509208,Melissa,East,Mario,70.32327764,24.9,2
Thursday,15-May-14,35.29965387,Laura,Centre,Salvatore,59.68545399,51.4,2
Thursday,15-May-14,37.17420297,Melissa,Centre,Salvatore,72.66758525,40.8,6
Thursday,15-May-14,34.90794674,Melissa,Centre,Bruno,67.06535188,46.9,2
Thursday,15-May-14,29.09144138,Laura,Centre,Mario,70.06016213,59.9,2
Thursday,15-May-14,36.02032759,Melissa,Centre,Mario,74.75299579,40.7,2
Thursday,15-May-14,27.60078001,Melissa,East,Salvatore,64.26903474,38.8,4
Thursday,15-May-14,33.32917656,Melissa,Centre,Bruno,52.65259595,39.7,2
Thursday,15-May-14,30.86553267,Laura,West,Mario,70.42376755,60.5,1
Thursday,15-May-14,25.5081721,Laura,East,Bruno,63.19593261,35.7,2
Thursday,15-May-14,30.27450348,Melissa,West,Bruno,56.86697985,20.7,3
Thursday,15-May-14,30.22480184,Laura,East,Mario,59.30507682,18,1
Thursday,15-May-14,26.84121165,Laura,Centre,Mario,63.54827117,44.1,4
Thursday,15-May-14,29.6543985,Melissa,West,Salvatore,74.24972032,30.5,2
Thursday,15-May-14,28.67269442,Laura,East,Bruno,71.05669534,34.3,3
Thursday,15-May-14,23.66656709,Laura,East,Mario,61.61142574,34.4,2
Thursday,15-May-14,27.92075683,Laura,Centre,Mario,72.95250292,37.5,2
Thursday,15-May-14,23.68089193,Laura,West,Salvatore,77.9689309,37.6,4
Thursday,15-May-14,36.82430635,Laura,East,Bruno,65.85639418,57.6,2
Thursday,15-May-14,35.90294733,Laura,West,Salvatore,77.23548056,34.1,1
Thursday,15-May-14,28.68995107,Melissa,West,Mario,79.60923473,33.5,4
Thursday,15-May-14,28.09275941,Melissa,West,Salvatore,61.84330539,48.9,6
Thursday,15-May-14,30.41004065,Laura,Centre,Mario,63.69156468,44.7,5
Thursday,15-May-14,28.45351556,Laura,Centre,Bruno,59.20986336,48,4
Thursday,15-May-14,26.24076603,Laura,West,Bruno,69.14902785,45.2,2
Friday,16-May-14,37.13539568,Melissa,East,Luigi,63.3181839,51.3,2
Friday,16-May-14,34.69715247,Laura,Centre,Salvatore,64.09254335,30.7,2
Friday,16-May-14,29.58728276,Melissa,West,Mario,54.67588237,53.1,4
Friday,16-May-14,20.89730035,Melissa,East,Bruno,63.43687355,50.1,3
Friday,16-May-14,24.6912084,Melissa,West,Salvatore,66.65894813,45.4,5
Friday,16-May-14,22.08197305,Laura,East,Luigi,74.03863981,32.4,2
Friday,16-May-14,29.85561459,Laura,West,Bruno,49.43887979,28.4,2
Friday,16-May-14,26.84694598,Melissa,Centre,Bruno,64.65256048,51.2,3
Friday,16-May-14,32.26453014,Melissa,Centre,Salvatore,63.87380977,50.1,3
Friday,16-May-14,30.08948167,Melissa,West,Bruno,77.03851503,50.4,4
Friday,16-May-14,35.82598191,Laura,Centre,Salvatore,66.2102614,53.7,3
Friday,16-May-14,32.25149139,Laura,East,Bruno,64.45140558,30.3,1
Friday,16-May-14,32.57556893,Laura,East,Mario,63.48047483,46.9,4
Friday,16-May-14,22.21640566,Laura,East,Mario,66.80058566,19.6,2
Friday,16-May-14,25.13779872,Melissa,East,Mario,62.51618706,52.5,2
Friday,16-May-14,19.47373045,Melissa,West,Salvatore,67.45373639,39.2,3
Friday,16-May-14,32.41613155,Laura,Centre,Bruno,63.27761977,54.9,8
Friday,16-May-14,14.88929426,Melissa,East,Luigi,69.27793747,34.5,3
Friday,16-May-14,21.9690115,Laura,East,Mario,77.71661464,47.7,6
Friday,16-May-14,23.87002599,Laura,Centre,Salvatore,54.51868826,48.4,3
Friday,16-May-14,35.19802484,Melissa,East,Mario,66.36338973,34.9,4
Friday,16-May-14,19.73307186,Melissa,Centre,Luigi,65.99581123,53.7,6
Friday,16-May-14,24.45709949,Melissa,West,Salvatore,61.58279956,45.6,7
Friday,16-May-14,31.68477154,Laura,Centre,Bruno,56.49349911,51.1,5
Friday,16-May-14,37.95764154,Melissa,East,Salvatore,72.06933096,30.4,1
Friday,16-May-14,34.50970362,Melissa,West,Mario,78.03368362,42.2,4
Friday,16-May-14,31.21426199,Melissa,East,Salvatore,64.3720311,51.3,2
Friday,16-May-14,28.07038204,Melissa,West,Salvatore,59.95723364,39.2,3
Friday,16-May-14,35.66054231,Melissa,East,Salvatore,67.74711455,37.4,4
Friday,16-May-14,36.53871858,Melissa,Centre,Bruno,61.96735332,63.5,4
Friday,16-May-14,28.09519672,Laura,West,Salvatore,76.18703745,39.7,6
Friday,16-May-14,33.04990958,Laura,Centre,Mario,59.94217745,45.9,4
Friday,16-May-14,24.65259356,Laura,West,Salvatore,72.96540263,51.1,2
Friday,16-May-14,32.28915752,Laura,Centre,Bruno,64.78560646,43.1,4
Friday,16-May-14,26.27586376,Melissa,West,Salvatore,56.59227698,41.8,4
Friday,16-May-14,27.22060337,Laura,Centre,Bruno,65.35171205,51.9,2
Friday,16-May-14,35.75067047,Melissa,Centre,Bruno,54.15839598,49.1,2
Friday,16-May-14,35.52813135,Laura,West,Luigi,49.85871114,51.8,4
Friday,16-May-14,24.61933262,Laura,West,Bruno,63.80776859,43.9,3
Friday,16-May-14,25.27705855,Melissa,East,Mario,58.45506933,39.8,2
Friday,16-May-14,36.67909691,Laura,West,Bruno,78.16684329,50.7,6
Friday,16-May-14,31.12830243,Melissa,West,Mario,70.94326973,46.3,8
Friday,16-May-14,27.74161107,Laura,Centre,Luigi,64.88032469,37.7,2
Friday,16-May-14,31.27095871,Melissa,East,Mario,55.83388953,49.2,2
Friday,16-May-14,24.88805347,Melissa,Centre,Bruno,60.47945552,38,6
Friday,16-May-14,25.71425779,Laura,East,Mario,61.23689006,50.7,2
Friday,16-May-14,36.41421138,Melissa,Centre,Mario,67.55768422,52.5,4
Friday,16-May-14,28.32844251,Laura,Centre,Bruno,67.35036132,59,4
Friday,16-May-14,29.94283229,Laura,East,Mario,66.83706711,27.4,1
Friday,16-May-14,30.80537484,Laura,East,Luigi,65.81185311,49.5,4
Friday,16-May-14,19.28290254,Laura,Centre,Mario,56.92862804,38.4,3
Friday,16-May-14,29.60106447,Melissa,East,Luigi,64.90906512,30.6,3
Friday,16-May-14,33.20820031,Melissa,West,Mario,72.98052522,31.8,2
Friday,16-May-14,32.23112403,Melissa,West,Bruno,62.19613184,70.1,5
Friday,16-May-14,26.91632973,Melissa,West,Salvatore,59.84637259,39.2,3
Friday,16-May-14,32.45250485,Laura,East,Salvatore,68.29972262,53.9,2
Saturday,17-May-14,23.11146673,Laura,West,Domenico,66.99274805,39,2
Saturday,17-May-14,27.65145674,Laura,West,Salvatore,57.1385533,41.2,1
Saturday,17-May-14,28.04125157,Melissa,East,Bruno,62.9426317,42.9,2
Saturday,17-May-14,33.38406596,Melissa,East,Salvatore,66.77910183,37.6,4
Saturday,17-May-14,28.76767651,Laura,East,Domenico,62.50046382,28,1
Saturday,17-May-14,30.45569426,Laura,East,Domenico,67.04660263,64.4,1
Saturday,17-May-14,33.05758292,Laura,East,Domenico,60.56563788,12.4,1
Saturday,17-May-14,26.54942238,Laura,West,Bruno,65.75892409,61.2,4
Saturday,17-May-14,34.40385037,Laura,East,Domenico,66.77037987,19.5,1
Saturday,17-May-14,36.33765515,Laura,Centre,Bruno,67.0296343,49.1,3
Saturday,17-May-14,29.96437199,Melissa,Centre,Luigi,57.34871445,49.7,2
Saturday,17-May-14,30.48829043,Laura,East,Domenico,62.16193994,21,1
Saturday,17-May-14,29.8613674,Laura,East,Luigi,63.94011312,38.3,5
Saturday,17-May-14,37.1898721,Laura,Centre,Bruno,67.65246739,40.1,3
Saturday,17-May-14,29.11770673,Melissa,West,Bruno,68.72426391,47.3,3
Saturday,17-May-14,34.84721729,Melissa,East,Luigi,58.86156128,35.4,2
Saturday,17-May-14,27.12285356,Melissa,Centre,Bruno,54.99505505,47.4,2
Saturday,17-May-14,33.9332988,Melissa,West,Luigi,55.16514861,41.4,4
Saturday,17-May-14,31.56488353,Melissa,West,Bruno,60.75923621,57.8,2
Saturday,17-May-14,36.4635834,Laura,East,Domenico,81.6043996,53.6,2
Saturday,17-May-14,32.84648196,Melissa,West,Luigi,57.61974716,39.7,2
Saturday,17-May-14,27.06355296,Melissa,West,Luigi,68.57682775,50.5,3
Saturday,17-May-14,31.11172798,Melissa,West,Mario,68.76427175,45.7,2
Saturday,17-May-14,43.06518798,Laura,East,Salvatore,58.78149194,40.9,3
Saturday,17-May-14,36.79923969,Melissa,West,Salvatore,67.43870194,53.5,4
Saturday,17-May-14,30.21510575,Laura,Centre,Luigi,51.34574607,58,3
Saturday,17-May-14,23.85047751,Melissa,Centre,Luigi,75.60669136,58.5,2
Saturday,17-May-14,36.85178486,Melissa,Centre,Bruno,53.60200713,48.2,6
Saturday,17-May-14,50.14744833,Melissa,West,Salvatore,63.12421452,47,2
Saturday,17-May-14,25.34180513,Laura,West,Bruno,55.22076042,50.4,2
Saturday,17-May-14,22.39602441,Laura,West,Luigi,65.55445056,45.7,5
Saturday,17-May-14,34.90085515,Laura,Centre,Domenico,62.4572496,31.7,4
Saturday,17-May-14,32.10111339,Melissa,East,Domenico,66.95658069,30.8,1
Saturday,17-May-14,30.25821106,Melissa,Centre,Bruno,57.55766468,50.1,5
Saturday,17-May-14,36.89292722,Melissa,East,Salvatore,57.16737628,59.2,3
Saturday,17-May-14,33.28758298,Melissa,West,Luigi,69.64148545,60.4,4
Saturday,17-May-14,40.42486818,Melissa,West,Salvatore,65.77744558,37.9,3
Saturday,17-May-14,26.35992034,Laura,West,Salvatore,67.2444628,41,4
Saturday,17-May-14,21.44357621,Melissa,East,Bruno,61.33762004,59.5,3
Saturday,17-May-14,35.45962378,Melissa,Centre,Bruno,67.15209409,46.4,2
Saturday,17-May-14,24.95219953,Melissa,Centre,Bruno,64.90678383,35.9,3
Saturday,17-May-14,25.45701905,Melissa,Centre,Bruno,65.28211082,50.2,3
Saturday,17-May-14,34.18001217,Melissa,West,Salvatore,60.4635406,36.7,3
Saturday,17-May-14,23.27189872,Melissa,East,Luigi,66.55313753,47.7,2
Saturday,17-May-14,34.33840567,Melissa,East,Salvatore,63.43927181,43.6,4
Saturday,17-May-14,30.36955517,Laura,East,Bruno,63.65306167,36.1,3
Saturday,17-May-14,24.62603882,Laura,West,Salvatore,72.46404173,44.5,2
Saturday,17-May-14,23.87891286,Laura,Centre,Luigi,56.6456816,51,2
Saturday,17-May-14,16.36575723,Laura,West,Bruno,59.45133291,53.3,3
Saturday,17-May-14,24.66547217,Melissa,Centre,Luigi,65.59875453,24.8,1
Saturday,17-May-14,39.58293762,Melissa,East,Luigi,64.23948231,15.7,1
Saturday,17-May-14,27.99763523,Laura,West,Domenico,66.52900469,31.8,2
Sunday,18-May-14,24.17876234,Laura,East,Domenico,53.99734956,36.2,2
Sunday,18-May-14,27.63946217,Laura,East,Domenico,64.47286611,39.6,3
Sunday,18-May-14,19.09313562,Laura,Centre,Salvatore,64.14433727,25.8,6
Sunday,18-May-14,35.17371525,Laura,Centre,Mario,71.23280285,45.8,1
Sunday,18-May-14,42.46664355,Melissa,Centre,Luigi,58.67201128,31,4
Sunday,18-May-14,29.45505378,Laura,East,Domenico,61.67999597,28.2,1
Sunday,18-May-14,38.37870522,Melissa,Centre,Mario,61.82842115,63.3,4
Sunday,18-May-14,27.36821336,Laura,West,Domenico,70.94703935,50,3
Sunday,18-May-14,34.6885871,Melissa,Centre,Salvatore,66.26709822,45.4,4
Sunday,18-May-14,26.30494483,Melissa,West,Bruno,66.10414211,46.1,4
Sunday,18-May-14,23.58501058,Melissa,East,Domenico,77.38888139,45.5,3
Sunday,18-May-14,26.59193907,Melissa,East,Luigi,76.96198565,25.9,5
Sunday,18-May-14,20.37726804,Laura,East,Domenico,69.99868278,47,1
Sunday,18-May-14,29.61210442,Melissa,West,Domenico,72.46020597,30.8,7
Sunday,18-May-14,24.74314288,Melissa,West,Mario,81.37057995,34.5,2
Sunday,18-May-14,21.90298507,Laura,East,Domenico,60.33663538,36.7,2
Sunday,18-May-14,34.83567944,Laura,East,Mario,56.9429333,50.9,4
Sunday,18-May-14,31.21763294,Melissa,West,Domenico,63.70833217,26.7,2
Sunday,18-May-14,24.8563117,Melissa,Centre,Luigi,68.54616638,34.1,4
Sunday,18-May-14,35.28424469,Melissa,East,Luigi,65.20815371,42.3,3
Sunday,18-May-14,15.48556079,Laura,West,Bruno,71.61987463,56.8,2
Sunday,18-May-14,30.84059534,Melissa,West,Salvatore,62.11486698,51,4
Sunday,18-May-14,32.34065904,Melissa,West,Mario,77.67760394,58.8,3
Sunday,18-May-14,26.00136203,Melissa,East,Domenico,82.49960537,26.3,1
Sunday,18-May-14,24.17697133,Melissa,East,Domenico,66.94706914,36.5,2
Sunday,18-May-14,29.56631008,Laura,West,Domenico,68.11709699,32.6,1
Sunday,18-May-14,30.17250523,Melissa,East,Domenico,59.70120918,22,2
Sunday,18-May-14,32.79061764,Laura,Centre,Bruno,59.92109841,58.3,4
Sunday,18-May-14,28.95923499,Laura,Centre,Domenico,61.10406907,31.5,1
Sunday,18-May-14,36.36029533,Melissa,East,Domenico,54.30261868,31.8,2
Sunday,18-May-14,33.01392425,Laura,West,Salvatore,65.20030074,54.4,5
Sunday,18-May-14,27.8855185,Melissa,East,Domenico,59.20553651,46.4,3
Sunday,18-May-14,27.22121035,Laura,East,Mario,62.03412975,28.8,1
Sunday,18-May-14,24.98704186,Laura,Centre,Mario,67.00093605,39.7,2
Sunday,18-May-14,40.20510332,Laura,East,Domenico,74.54960847,13.9,1
Sunday,18-May-14,27.88962079,Laura,West,Bruno,78.18566745,41.2,3
Sunday,18-May-14,35.55846628,Laura,West,Luigi,77.26670432,48.2,3
Sunday,18-May-14,14.40384759,Melissa,West,Bruno,69.76556035,44.6,2
Sunday,18-May-14,27.50149758,Melissa,Centre,Bruno,58.93494085,60.9,3
Sunday,18-May-14,31.51387332,Laura,East,Salvatore,64.04126956,35.5,3
Sunday,18-May-14,36.83356944,Laura,Centre,Salvatore,76.1430548,49.3,3
Sunday,18-May-14,28.63935636,Melissa,Centre,Domenico,67.01746154,41.4,1
Sunday,18-May-14,37.99527012,Laura,West,Bruno,69.40422649,46.5,3
Sunday,18-May-14,22.44927517,Melissa,East,Luigi,65.83021518,20.3,1
Sunday,18-May-14,27.82059648,Laura,Centre,Domenico,62.49675528,52.9,6
Monday,19-May-14,34.24098249,Laura,Centre,Bruno,72.6508913,39.9,3
Monday,19-May-14,33.28409136,Laura,West,Salvatore,64.71119056,63.1,3
Monday,19-May-14,34.31140563,Laura,West,Salvatore,64.87161035,70.7,5
Monday,19-May-14,32.03998137,Laura,Centre,Bruno,68.23836095,40.4,2
Monday,19-May-14,26.48089425,Laura,West,Bruno,58.43969673,49.1,4
Monday,19-May-14,28.11361307,Laura,West,Bruno,61.44760432,36.4,4
Monday,19-May-14,34.214951,Laura,East,Bruno,64.29409246,28.6,2
Monday,19-May-14,35.84335942,Laura,Centre,Salvatore,72.31572498,40,3
Monday,19-May-14,26.78560487,Laura,East,Bruno,58.04277336,20.9,2
Monday,19-May-14,26.30946174,Laura,East,Salvatore,65.62661016,38.1,2
Monday,19-May-14,28.44186216,Laura,West,Salvatore,63.19771532,43.2,4
Monday,19-May-14,28.75146163,Laura,West,Salvatore,58.67813379,49.9,2
Monday,19-May-14,24.85697359,Laura,Centre,Salvatore,65.73226045,52.5,2
Monday,19-May-14,33.29614789,Laura,West,Salvatore,71.20365611,36.2,3
Monday,19-May-14,25.91109792,Laura,East,Bruno,66.62634703,15.9,2
Monday,19-May-14,28.24389215,Laura,Centre,Salvatore,49.41454061,42,3
Monday,19-May-14,26.13515775,Laura,East,Bruno,67.5913901,9.1,1
Monday,19-May-14,24.93648674,Laura,West,Salvatore,61.97982008,34.8,2
Monday,19-May-14,18.15296786,Laura,Centre,Salvatore,59.1414874,37.8,2
Monday,19-May-14,32.89360132,Laura,West,Salvatore,52.40291295,51.4,5
Monday,19-May-14,37.55605476,Laura,West,Salvatore,69.74823168,59.6,2
Monday,19-May-14,33.07508813,Laura,West,Salvatore,65.56282901,43.1,3
Monday,19-May-14,38.31406592,Laura,Centre,Salvatore,59.09419308,54.8,5
Monday,19-May-14,31.04070397,Laura,East,Bruno,66.48314146,42,1
Monday,19-May-14,34.53183068,Laura,West,Bruno,65.69595227,66.1,3
Monday,19-May-14,34.09532265,Laura,Centre,Salvatore,76.70371163,56.8,6
Monday,19-May-14,24.81827331,Laura,West,Salvatore,64.2996597,37.1,2
Monday,19-May-14,18.83425891,Laura,East,Salvatore,64.99759618,42.1,4
Monday,19-May-14,35.16591802,Laura,Centre,Bruno,67.43647118,65.8,4
Monday,19-May-14,22.80548616,Laura,West,Bruno,75.30757766,55.7,4
Monday,19-May-14,30.66987611,Laura,West,Bruno,54.93432503,57.3,3
Monday,19-May-14,31.81117327,Laura,Centre,Bruno,65.1141182,46.1,3
Monday,19-May-14,27.71992991,Laura,East,Bruno,76.15715161,35.5,1
Monday,19-May-14,36.43644382,Laura,West,Salvatore,60.61717422,36.4,2
Monday,19-May-14,21.57894684,Laura,West,Salvatore,66.85461377,41,3
Monday,19-May-14,38.57983399,Laura,East,Salvatore,55.75100493,46.2,2
Monday,19-May-14,28.56429456,Laura,West,Bruno,65.76693164,38.4,4
Monday,19-May-14,32.89598041,Laura,Centre,Salvatore,66.09025502,45.7,4
Tuesday,20-May-14,30.61934686,Melissa,East,Bruno,61.16783711,45.6,2
Tuesday,20-May-14,34.15436685,Melissa,Centre,Mario,69.76276994,38.4,4
Tuesday,20-May-14,31.927626,Melissa,West,Bruno,63.12825567,39.3,3
Tuesday,20-May-14,26.30080635,Melissa,West,Bruno,59.09908742,27.8,3
Tuesday,20-May-14,22.22133146,Melissa,Centre,Mario,69.24501191,35.1,5
Tuesday,20-May-14,19.18214664,Melissa,East,Bruno,77.28079508,35.1,1
Tuesday,20-May-14,27.52688819,Melissa,West,Mario,62.9732941,41.8,3
Tuesday,20-May-14,19.86579208,Melissa,East,Bruno,56.45761451,45.4,5
Tuesday,20-May-14,28.77444621,Melissa,Centre,Bruno,58.77647434,53.6,4
Tuesday,20-May-14,33.48226483,Melissa,East,Mario,54.38382875,34.6,4
Tuesday,20-May-14,35.22817914,Melissa,West,Bruno,67.55583312,63.6,4
Tuesday,20-May-14,35.05599614,Melissa,Centre,Mario,57.38756752,71.7,2
Tuesday,20-May-14,33.16888452,Melissa,East,Mario,61.07719051,34.3,5
Tuesday,20-May-14,42.97171888,Melissa,Centre,Bruno,61.21393161,55.7,3
Tuesday,20-May-14,21.57475743,Melissa,East,Bruno,68.06493935,36.8,2
Tuesday,20-May-14,17.58245971,Melissa,Centre,Mario,66.11957437,27.8,3
Tuesday,20-May-14,29.7348448,Melissa,West,Mario,53.80518088,28.4,2
Tuesday,20-May-14,36.16143244,Melissa,Centre,Bruno,58.93563382,37,3
Tuesday,20-May-14,16.53115734,Melissa,East,Bruno,65.21290571,44.2,6
Tuesday,20-May-14,30.97176058,Melissa,East,Mario,77.75919235,47.7,2
Tuesday,20-May-14,26.09241679,Melissa,West,Mario,64.54151694,36.2,3
Tuesday,20-May-14,27.18433877,Melissa,East,Bruno,63.50232455,37.9,7
Tuesday,20-May-14,28.36967814,Melissa,Centre,Bruno,64.8301226,60.8,5
Tuesday,20-May-14,22.25181489,Melissa,Centre,Bruno,56.40934192,39,4
Tuesday,20-May-14,32.61857139,Melissa,Centre,Bruno,62.93744101,25.7,2
Tuesday,20-May-14,22.72947724,Melissa,East,Mario,70.55795762,37.5,4
Tuesday,20-May-14,28.39170478,Melissa,West,Bruno,64.9662998,50,4
Tuesday,20-May-14,22.97706393,Melissa,West,Bruno,70.57989147,35,3
Tuesday,20-May-14,27.29880218,Melissa,Centre,Mario,64.44916936,57.7,3
Tuesday,20-May-14,23.43695162,Melissa,Centre,Bruno,75.12657398,50.3,4
Tuesday,20-May-14,33.41850829,Melissa,Centre,Bruno,61.68149202,40.4,3
Tuesday,20-May-14,30.71440309,Melissa,West,Mario,56.54599273,42.9,4
Tuesday,20-May-14,26.25249015,Melissa,Centre,Bruno,62.22813873,52.9,4
Tuesday,20-May-14,32.18822691,Melissa,East,Bruno,67.34736318,54,2
Tuesday,20-May-14,29.91805191,Melissa,Centre,Bruno,78.05932103,53.1,2
Tuesday,20-May-14,27.71118235,Melissa,Centre,Bruno,77.11243421,54.4,6
Wednesday,21-May-14,34.28089906,Laura,West,Mario,65.82401965,41.9,2
Wednesday,21-May-14,22.780354,Melissa,Centre,Salvatore,54.6635754,51.5,3
Wednesday,21-May-14,23.37569981,Melissa,West,Mario,53.39471774,45.3,3
Wednesday,21-May-14,34.46171217,Melissa,East,Salvatore,62.5680168,27.6,2
Wednesday,21-May-14,27.91025853,Laura,West,Mario,70.22492264,44.1,2
Wednesday,21-May-14,44.46717349,Laura,West,Salvatore,64.57593737,46.6,4
Wednesday,21-May-14,19.15518298,Melissa,East,Mario,54.35552202,27.6,1
Wednesday,21-May-14,22.29323226,Melissa,Centre,Salvatore,70.45842798,54.3,7
Wednesday,21-May-14,29.81233564,Laura,Centre,Mario,64.23484885,44.2,6
Wednesday,21-May-14,29.52030271,Laura,East,Salvatore,81.78178488,52.7,2
Wednesday,21-May-14,28.40363704,Laura,West,Mario,68.96193911,44.7,3
Wednesday,21-May-14,21.28401742,Melissa,Centre,Mario,69.0999808,42.9,3
Wednesday,21-May-14,30.23498138,Melissa,West,Mario,64.33278911,56.3,3
Wednesday,21-May-14,39.55104754,Laura,East,Mario,60.81992522,26.1,1
Wednesday,21-May-14,24.8628075,Melissa,Centre,Mario,65.1670924,75,4
Wednesday,21-May-14,17.24246547,Melissa,West,Mario,79.8979008,45.1,5
Wednesday,21-May-14,23.83797732,Melissa,West,Salvatore,69.40561536,43.5,3
Wednesday,21-May-14,38.01225036,Melissa,East,Mario,50.72749883,51.3,4
Wednesday,21-May-14,18.46340326,Melissa,East,Mario,63.17036427,46.9,2
Wednesday,21-May-14,22.63632174,Melissa,West,Salvatore,74.65840243,53.3,5
Wednesday,21-May-14,29.08674093,Laura,East,Mario,64.59917745,36.9,2
Wednesday,21-May-14,32.15260582,Laura,East,Mario,67.13657458,31.9,2
Wednesday,21-May-14,31.21556452,Laura,East,Mario,62.43221887,29.7,1
Wednesday,21-May-14,27.67310283,Melissa,Centre,Mario,64.57666544,39.3,4
Wednesday,21-May-14,21.52009825,Laura,East,Mario,68.13417617,24.9,1
Wednesday,21-May-14,38.08518295,Laura,East,Mario,76.62943391,54.7,4
Wednesday,21-May-14,40.17434211,Laura,West,Salvatore,65.2016416,29.7,1
Wednesday,21-May-14,25.07626789,Laura,East,Mario,70.8663784,48.5,2
Wednesday,21-May-14,37.07880873,Melissa,Centre,Mario,71.68488161,49.1,9
Wednesday,21-May-14,38.09633431,Melissa,Centre,Salvatore,63.3379529,69.3,3
Wednesday,21-May-14,27.00785791,Melissa,Centre,Salvatore,67.97525528,32.8,4
Wednesday,21-May-14,36.29008561,Melissa,West,Mario,72.00880127,38.7,3
Wednesday,21-May-14,28.84213645,Melissa,West,Salvatore,61.57806367,51.4,3
Thursday,22-May-14,30.97023669,Melissa,West,Salvatore,67.16950471,41.3,3
Thursday,22-May-14,29.7356028,Melissa,East,Mario,60.33709065,68.9,5
Thursday,22-May-14,34.90144037,Laura,West,Mario,64.63600784,50.1,3
Thursday,22-May-14,43.6548488,Laura,Centre,Mario,67.90771003,48.3,3
Thursday,22-May-14,24.10750149,Melissa,West,Salvatore,72.48531432,56.3,6
Thursday,22-May-14,26.59404156,Melissa,West,Salvatore,62.04536974,47.3,3
Thursday,22-May-14,36.61836384,Melissa,West,Mario,65.25565844,56.2,2
Thursday,22-May-14,30.15346295,Melissa,West,Mario,54.06629401,47.9,3
Thursday,22-May-14,23.71143556,Laura,East,Mario,72.17905163,40.2,2
Thursday,22-May-14,13.75478016,Melissa,Centre,Mario,65.15716788,46,3
Thursday,22-May-14,34.13921424,Melissa,West,Mario,61.84678945,31.7,1
Thursday,22-May-14,25.79398922,Laura,East,Salvatore,70.12039719,44.5,7
Thursday,22-May-14,17.67173117,Laura,East,Salvatore,54.12565362,47.9,2
Thursday,22-May-14,34.30861129,Melissa,East,Salvatore,66.90933489,48.4,2
Thursday,22-May-14,44.04000392,Melissa,East,Bruno,69.84602192,43.5,2
Thursday,22-May-14,45.1906437,Laura,West,Salvatore,70.25918824,32.1,2
Thursday,22-May-14,32.17344269,Laura,East,Mario,66.15029478,27.2,2
Thursday,22-May-14,35.08424543,Laura,West,Mario,69.4658379,53.7,4
Thursday,22-May-14,23.04370126,Laura,West,Mario,69.27813082,60.3,4
Thursday,22-May-14,23.88897318,Laura,West,Salvatore,60.45900191,47.4,4
Thursday,22-May-14,21.27042059,Melissa,West,Mario,66.29258646,47.8,2
Thursday,22-May-14,22.66573789,Laura,Centre,Salvatore,54.15935212,56.6,4
Thursday,22-May-14,32.5134486,Melissa,East,Mario,72.95721202,26.3,2
Thursday,22-May-14,24.13710896,Laura,West,Mario,58.90761167,36.3,3
Thursday,22-May-14,32.58629742,Laura,East,Mario,74.049819,25.9,2
Thursday,22-May-14,27.07793252,Melissa,West,Bruno,59.92560378,52.2,9
Thursday,22-May-14,37.60423506,Laura,Centre,Mario,70.18914739,61.3,4
Thursday,22-May-14,32.67790141,Laura,Centre,Bruno,72.74331851,44.4,4
Thursday,22-May-14,38.69160599,Melissa,East,Salvatore,66.08695345,46.5,2
Thursday,22-May-14,24.74724754,Melissa,Centre,Salvatore,60.40992583,60.4,2
Thursday,22-May-14,25.06639665,Melissa,East,Bruno,68.41799974,39.6,3
Thursday,22-May-14,21.9658049,Laura,East,Bruno,62.42631649,31.3,1
Thursday,22-May-14,24.86155515,Laura,Centre,Salvatore,57.18410485,44.8,4
Thursday,22-May-14,22.69359507,Melissa,East,Mario,69.03950067,39.5,4
Thursday,22-May-14,11.54724638,Laura,Centre,Mario,61.11582378,48.5,3
Thursday,22-May-14,28.29503203,Melissa,Centre,Bruno,74.20184097,61.2,4
Friday,23-May-14,29.92610696,Melissa,East,Mario,78.64602404,27.9,2
Friday,23-May-14,28.0246326,Laura,East,Bruno,71.14983798,30.4,1
Friday,23-May-14,14.9647551,Melissa,West,Salvatore,63.96976293,25.9,1
Friday,23-May-14,32.05016738,Melissa,Centre,Bruno,63.00429908,50.1,4
Friday,23-May-14,30.96337547,Melissa,Centre,Mario,74.28948794,38.7,3
Friday,23-May-14,40.82453099,Laura,East,Luigi,53.24419497,37.3,2
Friday,23-May-14,31.55388607,Melissa,West,Luigi,62.41924591,43.9,4
Friday,23-May-14,25.13774885,Melissa,Centre,Mario,59.52559313,50.5,5
Friday,23-May-14,14.10941342,Melissa,East,Luigi,67.59259512,31.1,2
Friday,23-May-14,31.63652321,Melissa,East,Mario,60.01333429,57.6,2
Friday,23-May-14,31.23519311,Melissa,West,Salvatore,61.49983615,44.6,3
Friday,23-May-14,28.80652383,Melissa,West,Salvatore,56.572514,56.6,6
Friday,23-May-14,26.90325901,Melissa,East,Mario,78.11557707,50.2,1
Friday,23-May-14,34.69993107,Melissa,Centre,Luigi,72.80768649,45.5,2
Friday,23-May-14,26.98659569,Laura,West,Mario,64.95558004,62.7,5
Friday,23-May-14,33.2298845,Melissa,East,Salvatore,66.43129717,39,2
Friday,23-May-14,30.43747707,Laura,Centre,Bruno,65.05773397,51.8,3
Friday,23-May-14,26.80402838,Melissa,East,Mario,54.41472659,42.6,3
Friday,23-May-14,30.56694967,Melissa,Centre,Bruno,67.76698983,64.9,5
Friday,23-May-14,22.79651182,Melissa,West,Salvatore,84.13596291,64.5,5
Friday,23-May-14,33.74779267,Laura,Centre,Salvatore,54.72684234,43.5,3
Friday,23-May-14,30.96754644,Melissa,West,Bruno,72.5846992,43.5,4
Friday,23-May-14,21.14847843,Laura,East,Luigi,59.03525937,46.6,2
Friday,23-May-14,33.5926672,Melissa,Centre,Mario,74.18269425,46.6,3
Friday,23-May-14,31.51063779,Laura,East,Luigi,61.90810773,36.4,3
Friday,23-May-14,28.39894996,Laura,East,Luigi,72.03063001,38.6,3
Friday,23-May-14,27.95625858,Melissa,East,Bruno,59.8664034,28.6,3
Friday,23-May-14,37.75828693,Laura,West,Salvatore,66.62512818,53.5,4
Friday,23-May-14,30.41245495,Melissa,Centre,Mario,69.26683852,49.2,3
Friday,23-May-14,31.55588599,Melissa,Centre,Salvatore,59.10771418,50.5,4
Friday,23-May-14,30.2249039,Melissa,West,Salvatore,75.26000545,51.1,4
Friday,23-May-14,26.27092207,Laura,East,Mario,66.85994175,43.1,1
Friday,23-May-14,26.02631306,Melissa,West,Salvatore,58.82895725,23.3,2
Friday,23-May-14,25.8484682,Laura,East,Bruno,66.50578758,29.7,5
Friday,23-May-14,23.95752472,Laura,West,Mario,51.84454275,49.7,3
Friday,23-May-14,27.97615706,Laura,East,Luigi,54.26189372,20.1,3
Friday,23-May-14,36.62404987,Melissa,Centre,Luigi,50.87402201,31.6,2
Friday,23-May-14,10.79408402,Melissa,Centre,Luigi,65.47514943,57.3,3
Friday,23-May-14,36.67974943,Melissa,East,Luigi,65.67571194,27.3,5
Friday,23-May-14,38.68186351,Melissa,Centre,Mario,64.88781538,28.3,3
Friday,23-May-14,26.65786147,Melissa,West,Mario,47.95090723,40.8,2
Friday,23-May-14,36.98874403,Melissa,West,Bruno,71.6568733,53.1,4
Friday,23-May-14,33.20513027,Laura,West,Luigi,68.6277596,33.1,2
Friday,23-May-14,32.53705877,Laura,Centre,Luigi,72.22245478,49.5,3
Friday,23-May-14,24.27688258,Laura,Centre,Luigi,63.15186025,58.9,5
Saturday,24-May-14,27.9523438,Laura,East,Salvatore,70.3253868,39.4,3
Saturday,24-May-14,36.16469103,Melissa,East,Luigi,75.49540893,34.7,2
Saturday,24-May-14,31.32322337,Melissa,West,Bruno,70.24532118,43.3,3
Saturday,24-May-14,28.54961958,Laura,East,Domenico,57.80006306,20.5,1
Saturday,24-May-14,31.16448764,Laura,East,Salvatore,70.12224913,54.1,1
Saturday,24-May-14,35.01214598,Laura,Centre,Bruno,63.75228902,61.4,3
Saturday,24-May-14,26.66066366,Melissa,East,Mario,74.695055,32.2,2
Saturday,24-May-14,23.72503325,Melissa,Centre,Salvatore,77.73112421,43.6,6
Saturday,24-May-14,36.39115017,Laura,West,Salvatore,71.85128761,46.4,3
Saturday,24-May-14,26.9806405,Laura,East,Luigi,65.488945,27.8,1
Saturday,24-May-14,22.9254591,Melissa,Centre,Domenico,61.43739153,37.9,2
Saturday,24-May-14,22.79333525,Laura,East,Luigi,69.86108466,30.4,1
Saturday,24-May-14,32.10137765,Laura,East,Domenico,56.95707672,26,4
Saturday,24-May-14,27.13856017,Melissa,Centre,Domenico,50.12097008,24.1,1
Saturday,24-May-14,30.01703938,Melissa,East,Bruno,61.27976599,52.8,4
Saturday,24-May-14,27.45078563,Laura,East,Domenico,61.2943031,29,3
Saturday,24-May-14,25.79790339,Laura,East,Bruno,58.75351654,50.6,4
Saturday,24-May-14,43.73491249,Laura,Centre,Bruno,64.76460383,43.5,3
Saturday,24-May-14,31.64350844,Laura,East,Luigi,68.3233986,42.9,6
Saturday,24-May-14,34.51169579,Melissa,West,Bruno,71.67213412,54.6,3
Saturday,24-May-14,31.34647067,Melissa,Centre,Domenico,69.04875569,23.3,1
Saturday,24-May-14,35.34079694,Melissa,West,Domenico,61.33846006,23.3,6
Saturday,24-May-14,27.98454866,Laura,East,Luigi,75.20085195,51.1,4
Saturday,24-May-14,24.18214338,Melissa,East,Mario,71.24982247,29.1,2
Saturday,24-May-14,25.22985644,Melissa,East,Domenico,60.69650878,37.1,2
Saturday,24-May-14,26.46182551,Laura,East,Luigi,67.97481245,39.3,1
Saturday,24-May-14,22.57143484,Laura,East,Mario,60.09353718,40.5,3
Saturday,24-May-14,23.3894088,Melissa,Centre,Bruno,56.10379545,63,4
Saturday,24-May-14,17.01190825,Laura,West,Bruno,68.51865592,48.3,8
Saturday,24-May-14,27.66914391,Laura,Centre,Salvatore,53.74349204,54.3,7
Saturday,24-May-14,31.04220521,Laura,East,Mario,68.62539592,21.6,3
Saturday,24-May-14,28.92402186,Melissa,West,Mario,69.67620005,39.6,4
Saturday,24-May-14,35.76219641,Melissa,Centre,Luigi,64.36227269,49.4,3
Saturday,24-May-14,20.63075466,Laura,West,Salvatore,65.0231383,47.5,1
Saturday,24-May-14,30.38756154,Laura,Centre,Salvatore,70.32047474,54.9,5
Saturday,24-May-14,27.04414185,Laura,East,Salvatore,65.4146516,53.2,2
Saturday,24-May-14,23.81652695,Laura,West,Bruno,57.86104329,42.2,3
Saturday,24-May-14,25.71519845,Laura,East,Domenico,53.45051413,29.1,1
Saturday,24-May-14,24.50757442,Laura,West,Salvatore,71.32878394,43,2
Saturday,24-May-14,30.49577943,Laura,West,Salvatore,75.94420518,55,3
Saturday,24-May-14,20.15211569,Laura,West,Bruno,74.26560218,32.7,3
Saturday,24-May-14,27.88507434,Laura,West,Domenico,63.04195407,33.9,2
Saturday,24-May-14,27.55161101,Melissa,East,Salvatore,68.05038465,45.5,1
Saturday,24-May-14,32.69440481,Laura,East,Domenico,67.18909248,33.4,1
Saturday,24-May-14,21.20381103,Melissa,East,Domenico,71.6897479,19.9,2
Saturday,24-May-14,21.8475711,Laura,West,Domenico,58.12392461,32.3,3
Saturday,24-May-14,24.2179814,Laura,West,Luigi,59.45028941,50.9,5
Saturday,24-May-14,29.09336635,Laura,West,Luigi,69.92682283,65.2,1
Saturday,24-May-14,19.17033208,Laura,West,Luigi,80.50684637,60.8,5
Sunday,25-May-14,33.82842433,Melissa,Centre,Bruno,72.33611245,38.2,5
Sunday,25-May-14,24.2895421,Melissa,Centre,Bruno,66.05102924,39.7,4
Sunday,25-May-14,30.07944123,Melissa,Centre,Salvatore,63.38260274,47.3,2
Sunday,25-May-14,35.97124093,Laura,West,Salvatore,65.4353967,39.9,5
Sunday,25-May-14,36.930518,Melissa,Centre,Mario,72.66403705,51.6,2
Sunday,25-May-14,23.92024003,Melissa,East,Luigi,70.40596206,49.2,3
Sunday,25-May-14,29.52486755,Laura,Centre,Domenico,65.48999878,41.3,2
Sunday,25-May-14,20.46273619,Melissa,West,Bruno,62.08126285,37.6,3
Sunday,25-May-14,34.24680203,Laura,Centre,Luigi,71.79999561,45.6,4
Sunday,25-May-14,28.6098385,Melissa,East,Luigi,68.4220034,40.2,2
Sunday,25-May-14,30.68027199,Melissa,West,Mario,60.74951775,50.4,4
Sunday,25-May-14,21.7204513,Melissa,West,Mario,57.52344276,39.2,2
Sunday,25-May-14,25.67775575,Laura,Centre,Luigi,59.18511563,47.1,5
Sunday,25-May-14,33.71999784,Laura,East,Mario,69.81342637,47.2,2
Sunday,25-May-14,32.74324597,Laura,Centre,Salvatore,82.06136383,36.9,2
Sunday,25-May-14,38.15645349,Laura,Centre,Domenico,67.40061325,35.8,3
Sunday,25-May-14,23.11428255,Melissa,East,Domenico,59.74428626,25.4,1
Sunday,25-May-14,32.83424511,Laura,Centre,Salvatore,66.36916475,45.8,4
Sunday,25-May-14,32.4169815,Laura,West,Luigi,64.12423282,34.2,5
Sunday,25-May-14,29.60151401,Laura,East,Luigi,66.5920095,56.4,2
Sunday,25-May-14,37.61752095,Melissa,Centre,Domenico,72.39954486,37.4,3
Sunday,25-May-14,34.80774785,Laura,West,Domenico,62.3545306,28.6,1
Sunday,25-May-14,19.98022212,Melissa,Centre,Salvatore,70.52831012,54.7,3
Sunday,25-May-14,33.59221467,Melissa,East,Domenico,78.1739303,15.5,1
Sunday,25-May-14,26.46909677,Laura,Centre,Mario,72.96818658,36.1,2
Sunday,25-May-14,35.14325347,Melissa,East,Luigi,56.41464488,41.9,2
Sunday,25-May-14,26.9045709,Laura,Centre,Mario,61.29460208,49,2
Sunday,25-May-14,29.06483813,Laura,West,Luigi,71.84933114,42.3,2
Sunday,25-May-14,33.8866672,Laura,East,Mario,59.89910041,30.7,2
Sunday,25-May-14,11.64700696,Melissa,Centre,Bruno,78.9327012,45.5,5
Sunday,25-May-14,29.30683465,Laura,Centre,Salvatore,64.82982182,64.4,8
Sunday,25-May-14,24.95735331,Melissa,West,Mario,75.52745593,50,5
Sunday,25-May-14,22.93093729,Laura,Centre,Bruno,59.94903683,41.9,2
Sunday,25-May-14,29.55318411,Laura,Centre,Salvatore,63.64531849,38.9,3
Sunday,25-May-14,28.81444445,Laura,East,Mario,72.368025,39.7,2
Sunday,25-May-14,20.83506776,Melissa,West,Mario,63.11669082,33.4,3
Sunday,25-May-14,28.77387328,Laura,East,Domenico,66.68784826,33.8,1
Sunday,25-May-14,29.39274606,Laura,East,Luigi,65.31408365,24.7,3
Sunday,25-May-14,19.13507539,Melissa,Centre,Luigi,72.51723895,35,4
Sunday,25-May-14,20.73991434,Laura,Centre,Salvatore,71.92226786,42.3,3
Sunday,25-May-14,34.51581407,Laura,East,Mario,77.80391434,47.2,2
Sunday,25-May-14,39.6868627,Melissa,West,Salvatore,58.11847329,34.1,2
Sunday,25-May-14,32.68692267,Melissa,West,Domenico,50.2209568,25,2
Sunday,25-May-14,14.0787078,Laura,Centre,Luigi,59.94688656,39.6,4
Monday,26-May-14,28.63954808,Laura,Centre,Bruno,65.82014572,49.7,3
Monday,26-May-14,32.61163965,Laura,Centre,Bruno,66.57419642,35.4,2
Monday,26-May-14,40.61840038,Laura,West,Bruno,77.96579986,40.1,2
Monday,26-May-14,36.91603642,Laura,West,Salvatore,79.87903804,47.2,2
Monday,26-May-14,39.71244106,Laura,Centre,Bruno,52.44504593,56.9,4
Monday,26-May-14,33.39642474,Laura,Centre,Bruno,78.12169554,57.7,3
Monday,26-May-14,25.75349251,Laura,Centre,Salvatore,70.77031171,25.7,3
Monday,26-May-14,34.30537721,Laura,Centre,Bruno,79.97687763,55.5,4
Monday,26-May-14,34.28927234,Laura,East,Salvatore,68.82152203,42.6,2
Monday,26-May-14,33.01518183,Laura,West,Salvatore,53.6267778,55.9,3
Monday,26-May-14,26.49558934,Laura,West,Salvatore,63.43387084,28.5,2
Monday,26-May-14,19.74559541,Laura,West,Bruno,56.60153168,32.9,1
Monday,26-May-14,27.72155362,Laura,East,Salvatore,61.3247269,17.1,2
Monday,26-May-14,39.75541612,Laura,East,Bruno,50.09295234,55.3,4
Monday,26-May-14,25.17824191,Laura,East,Salvatore,61.47746339,26.9,1
Monday,26-May-14,21.51130472,Laura,East,Bruno,66.92592576,32.1,1
Monday,26-May-14,24.08010703,Laura,West,Bruno,59.21928371,49.4,4
Monday,26-May-14,19.49283573,Laura,West,Bruno,78.49859627,39,4
Monday,26-May-14,19.15040041,Laura,Centre,Bruno,58.53583596,59.3,3
Monday,26-May-14,29.0129807,Laura,West,Salvatore,70.40180122,30.3,2
Monday,26-May-14,32.49977996,Laura,West,Salvatore,76.57159086,25,1
Monday,26-May-14,38.1597065,Laura,East,Salvatore,71.19017967,36.1,3
Monday,26-May-14,24.3242761,Laura,Centre,Bruno,71.96470621,36.2,2
Monday,26-May-14,33.7859634,Laura,Centre,Bruno,63.71773539,48,5
Monday,26-May-14,31.92635504,Laura,West,Salvatore,62.52095079,49.2,3
Monday,26-May-14,31.76459742,Laura,Centre,Salvatore,78.54690397,46.9,2
Monday,26-May-14,27.74850088,Laura,West,Bruno,73.09539107,57.7,6
Monday,26-May-14,31.73539069,Laura,West,Bruno,55.14829505,39.4,3
Monday,26-May-14,21.41181205,Laura,West,Salvatore,64.25346253,61.5,4
Monday,26-May-14,24.96675902,Laura,West,Bruno,64.32938974,38.6,2
Monday,26-May-14,48.76485364,Laura,West,Salvatore,56.28948335,58.3,2
Tuesday,27-May-14,23.84977167,Melissa,Centre,Bruno,71.18717827,59.6,3
Tuesday,27-May-14,27.20371772,Melissa,East,Bruno,78.16122067,20.4,1
Tuesday,27-May-14,28.54621473,Melissa,Centre,Bruno,62.63326733,47.5,3
Tuesday,27-May-14,33.19039318,Melissa,East,Mario,68.5137692,18.5,1
Tuesday,27-May-14,34.22966438,Melissa,Centre,Mario,59.79767174,43,3
Tuesday,27-May-14,21.45048504,Melissa,West,Bruno,73.55996289,38.5,2
Tuesday,27-May-14,20.42844206,Melissa,West,Bruno,55.82509792,34.9,1
Tuesday,27-May-14,34.92792627,Melissa,East,Mario,72.31844492,35.6,1
Tuesday,27-May-14,35.12935421,Melissa,East,Bruno,64.63689101,26.7,3
Tuesday,27-May-14,21.08234932,Melissa,West,Bruno,77.21450862,35.9,2
Tuesday,27-May-14,30.7413452,Melissa,East,Mario,52.01669526,35.8,3
Tuesday,27-May-14,22.03188927,Melissa,East,Bruno,61.87758328,34.9,2
Tuesday,27-May-14,33.90455221,Melissa,Centre,Bruno,65.34295814,40.7,3
Tuesday,27-May-14,31.07204896,Melissa,East,Mario,65.74786781,42.6,5
Tuesday,27-May-14,32.39802272,Melissa,Centre,Bruno,56.18417899,50.6,3
Tuesday,27-May-14,31.79966111,Melissa,West,Mario,77.67216161,36.1,3
Tuesday,27-May-14,22.62932279,Melissa,Centre,Mario,66.77086049,42.7,1
Tuesday,27-May-14,34.39755321,Melissa,Centre,Bruno,67.91547161,54.1,5
Tuesday,27-May-14,29.47082881,Melissa,West,Bruno,59.84145668,39.6,2
Tuesday,27-May-14,27.95708362,Melissa,Centre,Mario,57.06642608,46.8,5
Tuesday,27-May-14,34.22281819,Melissa,East,Mario,79.55652484,52.4,2
Tuesday,27-May-14,27.66783269,Melissa,West,Mario,64.08066488,44.1,2
Tuesday,27-May-14,26.33207213,Melissa,West,Mario,62.05185421,68.6,3
Tuesday,27-May-14,35.69550242,Melissa,Centre,Mario,57.38967603,60.8,2
Tuesday,27-May-14,24.92887095,Melissa,East,Mario,78.06951793,29.2,2
Tuesday,27-May-14,24.69092138,Melissa,East,Mario,61.19301532,51.6,1
Tuesday,27-May-14,41.71430729,Melissa,West,Mario,50.07735503,36.7,3
Tuesday,27-May-14,29.04411462,Melissa,Centre,Bruno,61.78659239,41.9,2
Tuesday,27-May-14,32.56646819,Melissa,Centre,Bruno,66.46424807,42.9,4
Tuesday,27-May-14,24.55385184,Melissa,East,Mario,72.69148911,32.5,1
Tuesday,27-May-14,31.96577487,Melissa,West,Mario,62.23634303,42.4,2
Tuesday,27-May-14,35.23983059,Melissa,East,Bruno,63.7725132,36.1,3
Tuesday,27-May-14,27.52458622,Melissa,West,Mario,51.016404,60.5,4
Wednesday,28-May-14,27.11752561,Melissa,West,Salvatore,76.10057083,54.3,2
Wednesday,28-May-14,26.18409692,Laura,Centre,Salvatore,54.26875928,54.2,5
Wednesday,28-May-14,33.66297696,Melissa,West,Mario,60.30974116,59,3
Wednesday,28-May-14,22.19180046,Melissa,Centre,Mario,68.61198433,50.9,7
Wednesday,28-May-14,24.91506705,Melissa,West,Salvatore,63.03867026,41.9,3
Wednesday,28-May-14,26.53861333,Melissa,West,Salvatore,68.89474912,40.4,3
Wednesday,28-May-14,31.7169128,Melissa,East,Mario,67.33469937,28.3,1
Wednesday,28-May-14,22.98977598,Laura,West,Salvatore,61.36832203,35.5,2
Wednesday,28-May-14,30.79661039,Melissa,East,Mario,59.35538811,23.9,2
Wednesday,28-May-14,25.54421727,Laura,West,Salvatore,60.00461932,30,4
Wednesday,28-May-14,31.83257237,Melissa,West,Mario,56.71659759,62.7,1
Wednesday,28-May-14,30.64642146,Melissa,East,Mario,65.12767256,39.5,6
Wednesday,28-May-14,35.030024,Laura,West,Salvatore,64.22190107,44,4
Wednesday,28-May-14,30.80509487,Melissa,Centre,Salvatore,60.33650848,50.8,5
Wednesday,28-May-14,25.95354802,Melissa,West,Mario,54.24360351,43.5,3
Wednesday,28-May-14,49.43368808,Laura,East,Mario,70.2951729,60.2,3
Wednesday,28-May-14,32.91150884,Laura,West,Salvatore,58.7435027,41.4,4
Wednesday,28-May-14,36.93517306,Laura,Centre,Mario,77.61850651,45.9,2
Wednesday,28-May-14,24.35405445,Melissa,Centre,Salvatore,56.20306697,50,3
Wednesday,28-May-14,42.01974989,Laura,West,Mario,65.42172241,59.1,2
Wednesday,28-May-14,24.67644986,Laura,East,Salvatore,71.28799195,35.5,2
Wednesday,28-May-14,34.19281572,Melissa,West,Salvatore,59.76234138,60.1,5
Wednesday,28-May-14,42.5946769,Melissa,East,Salvatore,58.79127143,47,1
Wednesday,28-May-14,36.40935473,Melissa,West,Mario,72.1146011,26,1
Wednesday,28-May-14,23.70069469,Melissa,East,Mario,83.01946085,31.6,3
Wednesday,28-May-14,16.08696445,Laura,East,Mario,49.67200166,41.8,3
Wednesday,28-May-14,41.51120954,Melissa,West,Salvatore,63.97239942,53.8,4
Wednesday,28-May-14,23.00055743,Laura,West,Mario,71.52769696,46.3,2
Wednesday,28-May-14,21.76260975,Laura,West,Mario,57.32564033,55.9,5
Wednesday,28-May-14,21.50994279,Laura,Centre,Salvatore,69.21869408,44.1,4
Wednesday,28-May-14,38.37384005,Melissa,Centre,Salvatore,66.68708074,55.1,3
Wednesday,28-May-14,12.80511597,Laura,East,Mario,66.64340436,40.1,1
Wednesday,28-May-14,30.85237282,Melissa,West,Salvatore,71.00362776,57.1,3
Wednesday,28-May-14,32.50627161,Laura,Centre,Salvatore,66.32605164,44,3
Wednesday,28-May-14,21.76449155,Melissa,East,Mario,67.96880255,33.4,1
Thursday,29-May-14,24.56307758,Laura,West,Salvatore,50.15116585,39.4,7
Thursday,29-May-14,32.06462672,Laura,Centre,Salvatore,64.00649146,47.3,6
Thursday,29-May-14,19.908439,Laura,West,Salvatore,65.1629945,35.9,3
Thursday,29-May-14,19.85434197,Laura,West,Salvatore,80.4420281,48.1,3
Thursday,29-May-14,29.37198705,Melissa,West,Salvatore,71.89924707,58.7,2
Thursday,29-May-14,28.39201673,Laura,West,Bruno,70.50822352,38.4,2
Thursday,29-May-14,22.68041803,Melissa,East,Bruno,60.55403677,30.9,1
Thursday,29-May-14,28.48183804,Melissa,Centre,Bruno,50.1439645,59.5,2
Thursday,29-May-14,36.90433298,Laura,West,Salvatore,67.23877654,49.1,2
Thursday,29-May-14,40.36992742,Melissa,East,Salvatore,63.66617652,35.9,1
Thursday,29-May-14,32.97373296,Melissa,Centre,Bruno,76.29033294,56.5,5
Thursday,29-May-14,23.59520944,Melissa,West,Mario,60.22937509,41.6,1
Thursday,29-May-14,36.14002471,Melissa,East,Mario,58.44073013,29.1,2
Thursday,29-May-14,37.63385536,Laura,East,Bruno,62.42481593,48,6
Thursday,29-May-14,40.10114894,Melissa,Centre,Salvatore,53.8262108,38,4
Thursday,29-May-14,28.56986554,Laura,Centre,Mario,68.83053831,40.5,3
Thursday,29-May-14,32.22070342,Laura,East,Bruno,65.82587391,28.4,2
Thursday,29-May-14,36.37219691,Laura,East,Mario,70.14192892,58.8,4
Thursday,29-May-14,29.55892377,Laura,East,Mario,69.30254083,57.7,2
Thursday,29-May-14,29.3254155,Laura,Centre,Mario,67.82324162,46.7,5
Thursday,29-May-14,36.74041953,Melissa,Centre,Mario,73.25605986,45.4,2
Thursday,29-May-14,34.23585124,Laura,West,Salvatore,63.53467645,65.2,3
Thursday,29-May-14,26.57130082,Melissa,East,Bruno,65.11685528,38.8,2
Thursday,29-May-14,29.33880319,Melissa,East,Salvatore,64.40219139,63.1,3
Thursday,29-May-14,38.71409126,Laura,East,Mario,59.77131418,21.1,1
Thursday,29-May-14,29.00473271,Melissa,East,Salvatore,73.73701789,35,2
Thursday,29-May-14,30.79644127,Laura,West,Salvatore,61.81797327,38.9,2
Thursday,29-May-14,35.44259572,Melissa,Centre,Salvatore,59.40409576,45.6,4
Thursday,29-May-14,32.3087715,Laura,West,Bruno,70.81395962,43.1,2
Thursday,29-May-14,28.820721,Laura,West,Mario,60.44307576,57.5,2
Thursday,29-May-14,21.24904312,Melissa,East,Salvatore,44.54404607,48.5,4
Thursday,29-May-14,40.46091831,Melissa,Centre,Salvatore,59.42994645,46.3,1
Thursday,29-May-14,28.56863495,Laura,Centre,Bruno,68.85280019,55.1,4
Thursday,29-May-14,34.22861459,Laura,Centre,Bruno,78.79256926,44,2
Thursday,29-May-14,32.94283309,Laura,West,Salvatore,75.19038685,50,2
Thursday,29-May-14,27.88652051,Laura,Centre,Mario,67.73668069,56.7,5
Thursday,29-May-14,36.09980523,Laura,Centre,Salvatore,60.39178566,49.7,4
Friday,30-May-14,24.46479745,Laura,Centre,Luigi,77.75793898,45.6,2
Friday,30-May-14,33.22225145,Melissa,Centre,Bruno,62.99217251,44.3,3
Friday,30-May-14,33.47618281,Melissa,East,Bruno,58.12596188,39.6,3
Friday,30-May-14,27.96229913,Laura,East,Mario,71.69219954,44.6,2
Friday,30-May-14,29.62974592,Melissa,West,Mario,66.15260869,48.2,3
Friday,30-May-14,23.18680596,Melissa,East,Salvatore,76.84565164,35,1
Friday,30-May-14,21.34300282,Melissa,East,Bruno,57.29707314,19.1,3
Friday,30-May-14,26.81620721,Laura,Centre,Bruno,70.99944581,63.1,2
Friday,30-May-14,28.02347795,Laura,Centre,Bruno,63.96072626,36.2,2
Friday,30-May-14,41.47167813,Melissa,West,Bruno,71.02253215,50.1,2
Friday,30-May-14,24.66679971,Melissa,East,Mario,65.49353376,32.7,2
Friday,30-May-14,35.31459372,Laura,West,Bruno,72.64350783,59.3,7
Friday,30-May-14,24.67823386,Melissa,East,Luigi,63.38627679,28.2,2
Friday,30-May-14,32.1360717,Melissa,East,Bruno,71.84848046,38.1,5
Friday,30-May-14,32.57927082,Melissa,Centre,Bruno,56.96792742,54.7,2
Friday,30-May-14,34.82892034,Laura,East,Luigi,60.62127273,22.3,2
Friday,30-May-14,35.82060259,Melissa,Centre,Mario,55.76216197,38.9,1
Friday,30-May-14,36.37130439,Melissa,East,Mario,65.72470423,18.9,1
Friday,30-May-14,35.25827806,Melissa,Centre,Bruno,63.18946856,49.6,2
Friday,30-May-14,39.59080925,Laura,West,Salvatore,72.12195355,44.2,2
Friday,30-May-14,29.53636831,Melissa,East,Salvatore,75.48059607,50.3,2
Friday,30-May-14,20.55191041,Laura,East,Salvatore,48.31664206,32.6,1
Friday,30-May-14,21.31122158,Melissa,Centre,Luigi,63.32391133,35.1,5
Friday,30-May-14,38.62450172,Melissa,Centre,Bruno,62.39755858,41.6,2
Friday,30-May-14,38.19576447,Laura,West,Bruno,58.28794127,40.2,3
Friday,30-May-14,38.18163145,Laura,West,Mario,71.07457914,33.4,3
Friday,30-May-14,27.07841478,Laura,East,Bruno,48.38173194,23.8,1
Friday,30-May-14,31.76180384,Melissa,Centre,Salvatore,64.43233641,52.4,4
Friday,30-May-14,28.81561295,Laura,East,Mario,54.76980252,43.8,3
Friday,30-May-14,23.10462333,Laura,East,Luigi,69.79128587,34.9,3
Friday,30-May-14,43.28845525,Laura,East,Luigi,68.03434415,28,1
Friday,30-May-14,26.44461264,Melissa,East,Bruno,47.62483839,61.4,3
Friday,30-May-14,35.97246718,Melissa,Centre,Mario,66.37510069,36,2
Friday,30-May-14,19.95163685,Melissa,West,Mario,64.99526497,36.7,1
Friday,30-May-14,35.67702115,Laura,West,Bruno,80.34721751,31,2
Friday,30-May-14,40.69183754,Melissa,East,Mario,66.27389687,30,3
Friday,30-May-14,29.64072554,Melissa,East,Salvatore,57.8968637,46.3,2
Friday,30-May-14,23.34044211,Melissa,Centre,Bruno,83.08950499,45.1,3
Friday,30-May-14,33.79488262,Laura,East,Mario,73.29062831,25.6,3
Friday,30-May-14,35.53495468,Melissa,West,Salvatore,69.72789683,49.6,3
Friday,30-May-14,33.96674897,Melissa,East,Bruno,74.38574253,24.5,4
Friday,30-May-14,26.87916152,Melissa,East,Mario,60.2787169,42.1,3
Friday,30-May-14,29.66948473,Melissa,East,Salvatore,67.38496064,28,3
Friday,30-May-14,25.99475354,Laura,Centre,Luigi,66.03788018,41.6,4
Friday,30-May-14,21.83135806,Laura,West,Mario,65.72606237,27.4,4
Friday,30-May-14,21.88928175,Laura,East,Luigi,71.53057687,31.8,2
Friday,30-May-14,27.44167496,Laura,Centre,Bruno,70.62081545,43.4,4
Friday,30-May-14,26.80917805,Laura,East,Salvatore,68.2055012,15.6,1
Saturday,31-May-14,28.02236632,Melissa,East,Luigi,62.02336766,29.8,1
Saturday,31-May-14,46.09967622,Melissa,Centre,Domenico,68.19720376,33.8,1
Saturday,31-May-14,26.43690653,Melissa,West,Domenico,63.04093871,59.7,3
Saturday,31-May-14,33.57419613,Melissa,West,Domenico,59.31524091,23,1
Saturday,31-May-14,19.35206418,Laura,East,Domenico,65.45959122,35.6,2
Saturday,31-May-14,30.4010002,Melissa,Centre,Salvatore,65.69732022,52.2,4
Saturday,31-May-14,26.01267955,Laura,East,Mario,64.16971701,42.3,4
Saturday,31-May-14,28.15970261,Melissa,West,Luigi,68.30876242,37.2,1
Saturday,31-May-14,35.2453731,Melissa,West,Bruno,68.69539166,42.7,3
Saturday,31-May-14,28.2903763,Melissa,East,Salvatore,62.66754086,36.7,2
Saturday,31-May-14,34.76095672,Melissa,Centre,Mario,72.80809036,38.4,4
Saturday,31-May-14,21.30843111,Melissa,East,Mario,70.76573127,46.4,2
Saturday,31-May-14,26.31026306,Melissa,West,Luigi,66.7785742,37,2
Saturday,31-May-14,31.93934191,Laura,Centre,Domenico,67.69418049,53,2
Saturday,31-May-14,30.69228419,Melissa,Centre,Bruno,65.89932176,53.8,3
Saturday,31-May-14,31.59238724,Melissa,East,Luigi,81.21331532,47.7,2
Saturday,31-May-14,25.54849044,Laura,East,Luigi,64.47021043,43.5,5
Saturday,31-May-14,27.58744762,Laura,West,Mario,66.63642419,31.5,2
Saturday,31-May-14,29.47586029,Melissa,West,Luigi,57.39371686,54.5,3
Saturday,31-May-14,29.33220644,Laura,East,Mario,51.34487375,45.1,2
Saturday,31-May-14,32.01554559,Laura,Centre,Bruno,80.14777192,39.9,7
Saturday,31-May-14,27.24679269,Laura,Centre,Bruno,60.57411746,58.1,3
Saturday,31-May-14,25.09264217,Melissa,West,Domenico,78.89024352,28.7,3
Saturday,31-May-14,35.64121877,Melissa,East,Luigi,50.95826516,32,3
Saturday,31-May-14,25.69242983,Laura,East,Domenico,75.21637137,29.7,5
Saturday,31-May-14,28.90092758,Laura,West,Salvatore,70.71183034,55.1,7
Saturday,31-May-14,37.00747324,Laura,West,Domenico,70.87507694,58.6,2
Saturday,31-May-14,38.24400786,Laura,West,Luigi,78.55019017,39.2,1
Saturday,31-May-14,29.92976333,Laura,Centre,Salvatore,66.31233211,47.1,4
Saturday,31-May-14,37.52963562,Laura,East,Domenico,57.04012903,25.2,1
Saturday,31-May-14,30.71001248,Laura,Centre,Bruno,63.92853863,50.4,3
Saturday,31-May-14,28.75323026,Laura,West,Bruno,52.01966984,52,7
Saturday,31-May-14,28.58523582,Melissa,West,Bruno,63.11666557,55.8,6
Saturday,31-May-14,31.32534495,Laura,West,Luigi,60.14682386,37.2,3
Saturday,31-May-14,32.89285676,Laura,Centre,Salvatore,65.60573187,48.5,4
Saturday,31-May-14,32.76838497,Laura,East,Salvatore,76.00788846,38.9,2
Saturday,31-May-14,26.78075167,Melissa,Centre,Salvatore,63.55685192,52.9,4
Saturday,31-May-14,25.97097073,Laura,Centre,Domenico,80.2494752,45.6,2
Saturday,31-May-14,30.95548648,Laura,Centre,Luigi,55.62069681,71.3,4
Saturday,31-May-14,27.5276392,Laura,East,Domenico,70.49066336,31.4,3
Saturday,31-May-14,24.88625281,Melissa,West,Salvatore,66.82639175,40,2
Saturday,31-May-14,28.88385273,Melissa,Centre,Bruno,70.37133456,49.8,4
Saturday,31-May-14,32.32291331,Laura,West,Mario,74.36529656,46.7,4
Saturday,31-May-14,24.83815914,Laura,East,Domenico,62.35894307,32,1
Saturday,31-May-14,29.77916664,Laura,Centre,Luigi,68.86458094,45.7,3
Saturday,31-May-14,27.64353142,Laura,Centre,Salvatore,68.49123067,39,5
Saturday,31-May-14,28.95125969,Melissa,West,Bruno,62.39281818,42.7,3